"BRM_ID","B_SEGMENT","BEND_NUM","B_DESC","UPPER_RIVER_MILE","LOWER_RIVER_MILE","STATE","LENGTH.RM","LENGTH.RKM","NA.","BASIN","UPPER_RIVER_RKM","LOWER_RIVER_RKM","id"
457,14,1,"Amazon Bend",3.5,0,"MO",3.5,5.63269,NA,"lower",5.63269,0,1
458,14,2,"Cora Island Bend",6.1,3.5,"MO",2.6,4.184284,NA,"lower",9.816974,5.63269,2
459,14,3,"Bellefontaine Bend",9.4,6.1,"MO",3.3,5.310822,NA,"lower",15.127796,9.816974,3
460,14,4,"Brickhouse Bend",10.8,9.4,"MO",1.4,2.253076,NA,"lower",17.380872,15.127796,4
461,14,5,"Pelican Bend",16.9,10.8,"MO",6.1,9.816974,NA,"lower",27.197846,17.380872,5
462,14,6,"Mullanphy Bend",22.1,16.9,"MO",5.2,8.36856800000001,NA,"lower",35.566414,27.197846,6
463,14,7,"Cul de Sac Bend",25.5,22.1,"MO",3.4,5.471756,NA,"lower",41.03817,35.566414,7
464,14,8,"St. Charles Bends",26.6,25.5,"MO",1.1,1.770274,NA,"lower",42.808444,41.03817,8
465,14,9,"St. Charles Bends",28.7,26.6,"MO",2.1,3.379614,NA,"lower",46.188058,42.808444,9
466,14,10,"Creve Coeur Bend",31.9,28.7,"MO",3.2,5.149888,NA,"lower",51.337946,46.188058,10
467,14,11,"Springhouse Bend",34.2,31.9,"MO",2.3,3.70148200000001,NA,"lower",55.039428,51.337946,11
468,14,12,"Howard Bend",37.6,34.2,"MO",3.4,5.471756,NA,"lower",60.511184,55.039428,12
469,14,13,"Bonhomme Bends",39,37.6,"MO",1.4,2.253076,NA,"lower",62.76426,60.511184,13
470,14,14,"Bonhomme Bends",40.8,39,"MO",1.8,2.89681200000001,NA,"lower",65.661072,62.76426,14
471,14,15,"Weldon Springs Bend",43.9,40.8,"MO",3.1,4.988954,NA,"lower",70.650026,65.661072,15
472,14,16,"Monarch Bend",45.3,43.9,"MO",1.40000000000001,2.25307600000001,NA,"lower",72.903102,70.650026,16
473,14,17,"Doziers Bend",48.6,45.3,"MO",3.3,5.31082200000001,NA,"lower",78.213924,72.903102,17
474,14,18,"Centaur Bends",50,48.6,"MO",1.4,2.253076,NA,"lower",80.467,78.213924,18
475,14,19,"Centaur Bends",51.4,50,"MO",1.4,2.253076,NA,"lower",82.720076,80.467,19
476,14,20,"St. Albans Bend",54.4,51.4,"MO",3,4.82802,NA,"lower",87.548096,82.720076,20
477,14,21,"Augusta Bend",56.7,54.4,"MO",2.3,3.70148200000001,NA,"lower",91.249578,87.548096,21
478,14,22,"Hinkles Bends",58.8,56.7,"MO",2.1,3.379614,NA,"lower",94.629192,91.249578,22
479,14,23,"Hinkles Bends",60.5,58.8,"MO",1.7,2.735878,NA,"lower",97.36507,94.629192,23
480,14,24,"Boles Bend",65,60.5,"MO",4.5,7.24203,NA,"lower",104.6071,97.36507,24
481,14,25,"South Point Bend",67,65,"MO",2,3.21868,NA,"lower",107.82578,104.6071,25
482,14,26,"Washington Bend",69.9,67,"MO",2.89999999999999,4.66708599999999,NA,"lower",112.492866,107.82578,26
483,14,27,"Marthasville Bend",74.6,69.9,"MO",4.69999999999999,7.56389799999998,NA,"lower",120.056764,112.492866,27
484,14,28,"Dundee Bends",77.1,74.6,"MO",2.5,4.02335,NA,"lower",124.080114,120.056764,28
485,14,29,"Dundee Bends",78.1,77.1,"MO",1,1.60934,NA,"lower",125.689454,124.080114,29
486,14,30,"New Haven Bends",80,78.1,"MO",1.90000000000001,3.05774600000001,NA,"lower",128.7472,125.689454,30
487,14,31,"New Haven Bends",81,80,"MO",1,1.60934,NA,"lower",130.35654,128.7472,31
488,14,32,"New Haven Bends",82.9,81,"MO",1.89999999999999,3.05774599999999,NA,"lower",133.414286,130.35654,32
489,14,33,"Pinckney Bend",85.5,82.9,"MO",2.59999999999999,4.18428399999999,NA,"lower",137.59857,133.414286,33
490,14,34,"Bernheimer Bends",86.8,85.5,"MO",1.3,2.092142,NA,"lower",139.690712,137.59857,34
491,14,35,"Bernheimer Bends",88.3,86.8,"MO",1.5,2.41401,NA,"lower",142.104722,139.690712,35
492,14,36,"Bernheimer Bends",89.9,88.3,"MO",1.59999999999999,2.57494399999999,NA,"lower",144.679666,142.104722,36
493,14,37,"Berger Bend",91.7,89.9,"MO",1.79999999999998,2.89681199999997,NA,"lower",147.576478,144.679666,37
494,14,38,"Bates Island Bend",94.2,91.7,"MO",2.49999999999999,4.02334999999998,NA,"lower",151.599828,147.576478,38
495,14,39,"Herman Bends",95.5,94.2,"MO",1.3,2.092142,NA,"lower",153.69197,151.599828,39
496,14,40,"Herman Bends",96.9,95.5,"MO",1.39999999999999,2.25307599999999,NA,"lower",155.945046,153.69197,40
497,14,41,"Herman Bends",98.4,96.9,"MO",1.49999999999999,2.41400999999998,NA,"lower",158.359056,155.945046,41
498,14,42,"Herman Bends",100,98.4,"MO",1.59999999999999,2.57494399999999,NA,"lower",160.934,158.359056,42
499,14,43,"McGirks Island Reach",103.4,100,"MO",3.39999999999999,5.47175599999999,NA,"lower",166.405756,160.934,43
500,14,44,"Gasconade River Bend",105.2,103.4,"MO",1.79999999999998,2.89681199999997,NA,"lower",169.302568,166.405756,44
501,14,45,"Straubs Bends",106.4,105.2,"MO",1.19999999999999,1.93120799999998,NA,"lower",171.233776,169.302568,45
502,14,46,"Straubs Bends",108,106.4,"MO",1.59999999999999,2.57494399999999,NA,"lower",173.80872,171.233776,46
503,14,47,"Bluffton Bend",110.3,108,"MO",2.3,3.701482,NA,"lower",177.510202,173.80872,47
504,14,48,"Morrison Bend",112.2,110.3,"MO",1.89999999999999,3.05774599999999,NA,"lower",180.567948,177.510202,48
505,14,49,"Portland Bend",116.2,112.2,"MO",3.99999999999999,6.43735999999998,NA,"lower",187.005308,180.567948,49
506,14,50,"Chamois Bend",118.4,116.2,"MO",2.19999999999999,3.54054799999998,NA,"lower",190.545856,187.005308,50
507,14,51,"Auxvasse Bends",120.9,118.4,"MO",2.49999999999999,4.02334999999998,NA,"lower",194.569206,190.545856,51
508,14,52,"Auxvasse Bends",122.4,120.9,"MO",1.49999999999999,2.41400999999998,NA,"lower",196.983216,194.569206,52
509,14,53,"St Aubert Bend",125.1,122.4,"MO",2.69999999999999,4.34521799999998,NA,"lower",201.328434,196.983216,53
510,14,54,"Isbell Bends",127.1,125.1,"MO",2,3.21868,NA,"lower",204.547114,201.328434,54
511,14,55,"Isbell Bends",128.6,127.1,"MO",1.5,2.41401,NA,"lower",206.961124,204.547114,55
512,14,56,"Osage River Bend",130.3,128.6,"MO",1.69999999999999,2.73587799999998,NA,"lower",209.697002,206.961124,56
412,13,1,"Cote Sans Dessein Bend",132.7,130.3,"MO",2.39999999999998,3.86241599999996,NA,"lower",213.559418,209.697002,57
413,13,2,"Rising Creek Bends",134.8,132.7,"MO",2.09999999999999,3.37961399999999,NA,"lower",216.939032,213.559418,58
414,13,3,"Rising Creek Bends",136,134.8,"MO",1.19999999999999,1.93120799999998,NA,"lower",218.87024,216.939032,59
415,13,4,"Rising Creek Bends",137.7,136,"MO",1.69999999999999,2.73587799999998,NA,"lower",221.606118,218.87024,60
416,13,5,"Rising Creek Bends",139,137.7,"MO",1.30000000000001,2.09214200000002,NA,"lower",223.69826,221.606118,61
417,13,6,"Rising Creek Bends",142.1,139,"MO",3.09999999999999,4.98895399999999,NA,"lower",228.687214,223.69826,62
418,13,7,"Jefferson City Reach",143.6,142.1,"MO",1.5,2.41401,NA,"lower",231.101224,228.687214,63
419,13,8,"Jefferson City Reach",146.1,143.6,"MO",2.5,4.02335,NA,"lower",235.124574,231.101224,64
420,13,9,"Murrays Bend",149.6,146.1,"MO",3.5,5.63269,NA,"lower",240.757264,235.124574,65
421,13,10,"Stanley Bend",151.7,149.6,"MO",2.09999999999999,3.37961399999999,NA,"lower",244.136878,240.757264,66
422,13,11,"Burlington Bend",154.9,151.7,"MO",3.20000000000002,5.14988800000003,NA,"lower",249.286766,244.136878,67
423,13,12,"Marion Bend",158.8,154.9,"MO",3.89999999999998,6.27642599999996,NA,"lower",255.563192,249.286766,68
424,13,13,"Eureka Bend",162.4,158.8,"MO",3.59999999999999,5.79362399999999,NA,"lower",261.356816,255.563192,69
425,13,14,"Sandy Hook Bend",166.9,162.4,"MO",4.5,7.24203,NA,"lower",268.598846,261.356816,70
426,13,15,"Providence Bend",171.4,166.9,"MO",4.5,7.24203,NA,"lower",275.840876,268.598846,71
427,13,16,"Plow Boy Bend",174.5,171.4,"MO",3.09999999999999,4.98895399999999,NA,"lower",280.82983,275.840876,72
428,13,17,"Lupus Bend",176.7,174.5,"MO",2.19999999999999,3.54054799999998,NA,"lower",284.370378,280.82983,73
429,13,18,"McBaine Bend",178.5,176.7,"MO",1.80000000000001,2.89681200000002,NA,"lower",287.26719,284.370378,74
430,13,19,"Searcy's Bend",180.4,178.5,"MO",1.90000000000001,3.05774600000001,NA,"lower",290.324936,287.26719,75
431,13,20,"Rocheport Bends",181.8,180.4,"MO",1.39999999999998,2.25307599999996,NA,"lower",292.578012,290.324936,76
432,13,21,"Rocheport Bends",183.4,181.8,"MO",1.59999999999999,2.57494399999999,NA,"lower",295.152956,292.578012,77
433,13,22,"Rocheport Bends",184.9,183.4,"MO",1.5,2.41401,NA,"lower",297.566966,295.152956,78
434,13,23,"Rocheport Bends",187,184.9,"MO",2.09999999999999,3.37961399999999,NA,"lower",300.94658,297.566966,79
435,13,24,"Diana Bends",189.2,187,"MO",2.19999999999999,3.54054799999998,NA,"lower",304.487128,300.94658,80
436,13,25,"Diana Bend",192,189.2,"MO",2.80000000000001,4.50615200000002,NA,"lower",308.99328,304.487128,81
437,13,26,"Franklin Island Reach",193.9,192,"MO",1.90000000000001,3.05774600000001,NA,"lower",312.051026,308.99328,82
438,13,27,"Franklin Bend",197.3,193.9,"MO",3.39999999999998,5.47175599999996,NA,"lower",317.522782,312.051026,83
439,13,28,"Booneville Bends",199.7,197.3,"MO",2.39999999999998,3.86241599999996,NA,"lower",321.385198,317.522782,84
440,13,29,"Booneville Bends",201.3,199.7,"MO",1.59999999999999,2.57494399999999,NA,"lower",323.960142,321.385198,85
441,13,30,"Lamine River Bend",203.9,201.3,"MO",2.59999999999999,4.18428399999999,NA,"lower",328.144426,323.960142,86
442,13,31,"Slaughterhouse Bend",205.6,203.9,"MO",1.69999999999999,2.73587799999998,NA,"lower",330.880304,328.144426,87
443,13,32,"Robinson Bends",207.4,205.6,"MO",1.80000000000001,2.89681200000002,NA,"lower",333.777116,330.880304,88
444,13,33,"Robinson Bends",209.4,207.4,"MO",2,3.21868,NA,"lower",336.995796,333.777116,89
445,13,34,"Arrow Rock Bend",211.1,209.4,"MO",1.69999999999999,2.73587799999998,NA,"lower",339.731674,336.995796,90
446,13,35,"Salt Creek Bend",214.1,211.1,"MO",3,4.82802,NA,"lower",344.559694,339.731674,91
447,13,36,"Saline City Bend",217.6,214.1,"MO",3.5,5.63269,NA,"lower",350.192384,344.559694,92
448,13,37,"Euphrase Bend",220.2,217.6,"MO",2.59999999999999,4.18428399999999,NA,"lower",354.376668,350.192384,93
449,13,38,"Fish Creek Bend",222.6,220.2,"MO",2.40000000000001,3.86241600000001,NA,"lower",358.239084,354.376668,94
450,13,39,"Glasgow Bend",228.4,222.6,"MO",5.80000000000001,9.33417200000002,NA,"lower",367.573256,358.239084,95
451,13,40,"Cambridge Bend",232.4,228.4,"MO",4,6.43736,NA,"lower",374.010616,367.573256,96
452,13,41,"Wilhoite Bend",234.5,232.4,"MO",2.09999999999999,3.37961399999999,NA,"lower",377.39023,374.010616,97
453,13,42,"Gilliam Bend",237,234.5,"MO",2.5,4.02335,NA,"lower",381.41358,377.39023,98
454,13,43,"Little Missouri Bend",239.7,237,"MO",2.69999999999999,4.34521799999998,NA,"lower",385.758798,381.41358,99
455,13,44,"Bushwhacker Bend",246.4,239.7,"MO",6.70000000000002,10.782578,NA,"lower",396.541376,385.758798,100
456,13,45,"Grand River Bend",250.4,246.4,"MO",4,6.43736,NA,"lower",402.978736,396.541376,101
373,10,1,"Brunswick Bend",253.4,250.4,"MO",3,4.82802,NA,"lower",407.806756,402.978736,102
374,10,2,"Dewitt Bend",257.4,253.4,"MO",4.00000000000003,6.43736000000005,NA,"lower",414.244116,407.806756,103
375,10,3,"Lower Miami Bend",260.4,257.4,"MO",3.00000000000006,4.82802000000009,NA,"lower",419.072136,414.244116,104
376,10,4,"Middle Miami Bend",261.5,260.4,"MO",1.10000000000002,1.77027400000004,NA,"lower",420.84241,419.072136,105
377,10,5,"Upper Miami Bend",263.7,261.5,"MO",2.20000000000005,3.54054800000007,NA,"lower",424.382958,420.84241,106
378,10,6,"Thomas Bend",265.2,263.7,"MO",1.50000000000006,2.41401000000009,NA,"lower",426.796968,424.382958,107
379,10,7,"Teteseau Bend",267.3,265.2,"MO",2.10000000000002,3.37961400000004,NA,"lower",430.176582,426.796968,108
380,10,8,"Prunty Bend",272,267.3,"MO",4.69999999999999,7.56389799999998,NA,"lower",437.74048,430.176582,109
381,10,9,"Malta Bends (Lower)",274.3,272,"MO",2.30000000000001,3.70148200000002,NA,"lower",441.441962,437.74048,110
382,10,10,"Malta Bends (Upper)",275.8,274.3,"MO",1.5,2.41401,NA,"lower",443.855972,441.441962,111
383,10,11,"Tamerlane Bend",280,275.8,"MO",4.19999999999999,6.75922799999998,NA,"lower",450.6152,443.855972,112
384,10,12,"Hills Bend",282.5,280,"MO",2.5,4.02335,NA,"lower",454.63855,450.6152,113
385,10,13,"Cranberry Bend",285.1,282.5,"MO",2.60000000000002,4.18428400000004,NA,"lower",458.822834,454.63855,114
386,10,14,"Bakers bend",290.3,285.1,"MO",5.19999999999999,8.36856799999998,NA,"lower",467.191402,458.822834,115
387,10,15,"Waverly bend",296.7,290.3,"MO",6.40000000000003,10.2997760000001,NA,"lower",477.491178,467.191402,116
388,10,16,"Moberly bend",299.7,296.7,"MO",3.00000000000006,4.82802000000009,NA,"lower",482.319198,477.491178,117
389,10,17,"Hodge bend",301.6,299.7,"MO",1.90000000000003,3.05774600000005,NA,"lower",485.376944,482.319198,118
390,10,18,"Baltimore bend",304.7,301.6,"MO",3.10000000000002,4.98895400000004,NA,"lower",490.365898,485.376944,119
391,10,19,"Berun bend",307.4,304.7,"MO",2.70000000000005,4.34521800000007,NA,"lower",494.711116,490.365898,120
392,10,20,"Tabo bend",309.7,307.4,"MO",2.30000000000007,3.70148200000011,NA,"lower",498.412598,494.711116,121
393,10,21,"Sheep Nose bend",311.6,309.7,"MO",1.90000000000003,3.05774600000005,NA,"lower",501.470344,498.412598,122
394,10,22,"Lexington bend",318.1,311.6,"MO",6.5,10.46071,NA,"lower",511.931054,501.470344,123
395,10,23,"Bootlegger bend",319.6,318.1,"MO",1.5,2.41401,NA,"lower",514.345064,511.931054,124
396,10,24,"Sni bends (Lower)",321.6,319.6,"MO",2,3.21868,NA,"lower",517.563744,514.345064,125
397,10,25,"Sni bend (Upper)",324.3,321.6,"MO",2.69999999999999,4.34521799999998,NA,"lower",521.908962,517.563744,126
398,10,26,"Camden bend",327.1,324.3,"MO",2.80000000000001,4.50615200000002,NA,"lower",526.415114,521.908962,127
399,10,27,"Napoleon bend",332.4,327.1,"MO",5.30000000000001,8.52950200000002,NA,"lower",534.944616,526.415114,128
400,10,28,"Fishing River bend",335.3,332.4,"MO",2.90000000000003,4.66708600000005,NA,"lower",539.611702,534.944616,129
401,10,29,"Sibley bend",337.2,335.3,"MO",1.90000000000003,3.05774600000005,NA,"lower",542.669448,539.611702,130
402,10,30,"Jackass bend",339,337.2,"MO",1.80000000000001,2.89681200000002,NA,"lower",545.56626,542.669448,131
403,10,31,"Little Blue bend",340.5,339,"MO",1.5,2.41401,NA,"lower",547.98027,545.56626,132
404,10,32,"Cooley Lake bend",342.5,340.5,"MO",2,3.21868,NA,"lower",551.19895,547.98027,133
405,10,33,"Missouri City bends (Lower)",343.7,342.5,"MO",1.20000000000005,1.93120800000007,NA,"lower",553.130158,551.19895,134
406,10,34,"Missouri City bends (Upper)",346.7,343.7,"MO",3.00000000000006,4.82802000000009,NA,"lower",557.958178,553.130158,135
407,10,35,"Jacksons bend",351.4,346.7,"MO",4.70000000000005,7.56389800000007,NA,"lower",565.522076,557.958178,136
408,10,36,"Liberty bend",354.2,351.4,"MO",2.80000000000007,4.50615200000011,NA,"lower",570.028228,565.522076,137
409,10,37,"Big Blue bend",359.3,354.2,"MO",5.10000000000002,8.20763400000004,NA,"lower",578.235862,570.028228,138
410,10,38,"Randolph bend",363.4,359.3,"MO",4.10000000000002,6.59829400000004,NA,"lower",584.834156,578.235862,139
411,10,39,"Kansas River bend",369,363.4,"MO",5.60000000000002,9.01230400000004,NA,"lower",593.84646,584.834156,140
372,9,80,"Kaw Bend",372,369,"MO",3,4.82802,NA,"lower",598.67448,593.84646,141
371,9,79,"Quindaro Bend",375.5,372,"MO",3.5,5.63269,NA,"lower",604.30717,598.67448,142
370,9,78,"Parkville Bend",378.6,375.5,"MO",3.10000000000002,4.98895400000004,NA,"lower",609.296124,604.30717,143
369,9,77,"Pomeroy Bend",383.3,378.6,"MO",4.69999999999999,7.56389799999998,NA,"lower",616.860022,609.296124,144
368,9,76,"Weavers Bend",385.1,383.3,"MO",1.80000000000001,2.89681200000002,NA,"lower",619.756834,616.860022,145
367,9,75,"Pope Bend",388.8,385.1,"MO",3.69999999999999,5.95455799999998,NA,"lower",625.711392,619.756834,146
366,9,74,"Delaware Bend",392.5,388.8,"MO",3.69999999999999,5.95455799999998,NA,"lower",631.66595,625.711392,147
365,9,73,"Leavenworth Bend",397.2,392.5,"MO",4.70000000000005,7.56389800000007,NA,"lower",639.229848,631.66595,148
364,9,72,"Leavenworth Reach",399,397.2,"MO",1.80000000000001,2.89681200000002,NA,"lower",642.12666,639.229848,149
363,9,71,"Fort Bend",400.4,399,"MO",1.40000000000003,2.25307600000005,NA,"lower",644.379736,642.12666,150
362,9,70,"Weston Bend",404.3,400.4,"MO",3.90000000000003,6.27642600000005,NA,"lower",650.656162,644.379736,151
361,9,69,"Kickapoo Bend",407.1,404.3,"MO",2.80000000000001,4.50615200000002,NA,"lower",655.162314,650.656162,152
360,9,68,"Lower Iatan Bend",408.5,407.1,"MO",1.39999999999998,2.25307599999996,NA,"lower",657.41539,655.162314,153
359,9,67,"Middle Iatan Bend",410.1,408.5,"MO",1.60000000000002,2.57494400000004,NA,"lower",659.990334,657.41539,154
358,9,66,"Upper Iatan Bend",412.3,410.1,"MO",2.19999999999999,3.54054799999998,NA,"lower",663.530882,659.990334,155
357,9,65,"Oak Mills Bend",415.9,412.3,"MO",3.60000000000002,5.79362400000004,NA,"lower",669.324506,663.530882,156
356,9,64,"Bean Lake Bend",418,415.9,"NE",2.10000000000002,3.37961400000004,NA,"lower",672.70412,669.324506,157
355,9,63,"Atchison Bend",425.4,418,"NE",7.40000000000003,11.9091160000001,NA,"lower",684.613236,672.70412,158
354,9,62,"Rushville Bend",429.2,425.4,"NE",3.80000000000007,6.11549200000011,NA,"lower",690.728728,684.613236,159
353,9,61,"Doniphan Bend",431.6,429.2,"NE",2.40000000000003,3.86241600000005,NA,"lower",694.591144,690.728728,160
352,9,60,"Geary Bends",435.3,431.6,"NE",3.69999999999999,5.95455799999998,NA,"lower",700.545702,694.591144,161
351,9,59,"Kenmoor Bend",438.2,435.3,"NE",2.90000000000003,4.66708600000005,NA,"lower",705.212788,700.545702,162
350,9,58,"Palermo Bend",443.1,438.2,"NE",4.90000000000003,7.88576600000005,NA,"lower",713.098554,705.212788,163
349,9,57,"St. Joseph Bend",449.5,443.1,"NE",6.39999999999998,10.299776,NA,"lower",723.39833,713.098554,164
348,9,56,"Bon Ton Bend",451.8,449.5,"NE",2.30000000000001,3.70148200000002,NA,"lower",727.099812,723.39833,165
347,9,55,"Amazonia Bend",455,451.8,"NE",3.19999999999999,5.14988799999998,NA,"lower",732.2497,727.099812,166
346,9,54,"Burr Oak Band",458.9,455,"NE",3.90000000000003,6.27642600000005,NA,"lower",738.526126,732.2497,167
345,9,53,"Mill Creek Bend",463.1,458.9,"NE",4.20000000000005,6.75922800000007,NA,"lower",745.285354,738.526126,168
344,9,52,"Dallas Bends",467.2,463.1,"NE",4.10000000000002,6.59829400000004,NA,"lower",751.883648,745.285354,169
343,9,51,"Charleston Bend",469.1,467.2,"NE",1.90000000000003,3.05774600000005,NA,"lower",754.941394,751.883648,170
342,9,50,"Mt. Vernon Bends",472.6,469.1,"NE",3.5,5.63269,NA,"lower",760.574084,754.941394,171
341,9,49,"Forbes Bends",477.8,472.6,"NE",5.19999999999999,8.36856799999998,NA,"lower",768.942652,760.574084,172
340,9,48,"Wolf Creek Bend",481,477.8,"NE",3.19999999999999,5.14988799999998,NA,"lower",774.09254,768.942652,173
339,9,47,"Tarkio Bend",483.5,481,"NE",2.5,4.02335,NA,"lower",778.11589,774.09254,174
338,9,46,"Iowa Point Bend",486.1,483.5,"NE",2.60000000000002,4.18428400000004,NA,"lower",782.300174,778.11589,175
337,9,45,"White Cloud Bends",489.9,486.1,"NE",3.80000000000001,6.11549200000002,NA,"lower",788.415666,782.300174,176
336,9,44,"Squaw Bend",491.3,489.9,"NE",1.40000000000003,2.25307600000005,NA,"lower",790.668742,788.415666,177
335,9,43,"Nemaha Bends",494.5,491.3,"NE",3.19999999999999,5.14988799999998,NA,"lower",795.81863,790.668742,178
334,9,42,"Rulo Bend",498.7,494.5,"NE",4.20000000000005,6.75922800000007,NA,"lower",802.577858,795.81863,179
333,9,41,"Lower Rush Bottom Bend",500.4,498.7,"NE",1.70000000000005,2.73587800000007,NA,"lower",805.313736,802.577858,180
332,9,40,"Upper Rush Bottom Bend",501.9,500.4,"NE",1.50000000000006,2.41401000000009,NA,"lower",807.727746,805.313736,181
331,9,39,"Lower Arago Bend",504.6,501.9,"NE",2.70000000000005,4.34521800000007,NA,"lower",812.072964,807.727746,182
330,9,38,"Upper Arago Bend",507,504.6,"NE",2.39999999999998,3.86241599999996,NA,"lower",815.93538,812.072964,183
329,9,37,"Lower Cottier Bend",508.5,507,"NE",1.5,2.41401,NA,"lower",818.34939,815.93538,184
328,9,36,"Upper Cottier Bend",512.6,508.5,"NE",4.10000000000002,6.59829400000004,NA,"lower",824.947684,818.34939,185
327,9,35,"Hemmies Bend",516.1,512.6,"NE",3.5,5.63269,NA,"lower",830.580374,824.947684,186
326,9,34,"Indian Cave Bend",517.7,516.1,"NE",1.60000000000002,2.57494400000004,NA,"lower",833.155318,830.580374,187
325,9,33,"Lower Deroin Bend",518.5,517.7,"NE",0.799999999999955,1.28747199999993,NA,"lower",834.44279,833.155318,188
324,9,32,"Upper Deroin Bend",520.6,518.5,"NE",2.10000000000002,3.37961400000004,NA,"lower",837.822404,834.44279,189
323,9,31,"Lincoln Bend",522.5,520.6,"NE",1.89999999999998,3.05774599999996,NA,"lower",840.88015,837.822404,190
322,9,30,"Lower Morgan Bend",524,522.5,"NE",1.5,2.41401,NA,"lower",843.29416,840.88015,191
321,9,29,"Upper Morgan Bend",526.1,524,"NE",2.10000000000002,3.37961400000004,NA,"lower",846.673774,843.29416,192
320,9,28,"Aspinwall Bend",529.1,526.1,"NE",3,4.82802,NA,"lower",851.501794,846.673774,193
319,9,27,"Langdon Bend",531.8,529.1,"NE",2.70000000000005,4.34521800000007,NA,"lower",855.847012,851.501794,194
318,9,26,"Lower Brownville Bend",533.6,531.8,"NE",1.80000000000007,2.89681200000011,NA,"lower",858.743824,855.847012,195
317,9,25,"Upper Brownville Bend",534.8,533.6,"NE",1.20000000000005,1.93120800000007,NA,"lower",860.675032,858.743824,196
316,9,24,"Lower Sonara Bend",537,534.8,"NE",2.20000000000005,3.54054800000007,NA,"lower",864.21558,860.675032,197
315,9,23,"Upper Sonara Bend",539.9,537,"NE",2.89999999999998,4.66708599999996,NA,"lower",868.882666,864.21558,198
314,9,22,"Peru Bend",542.1,539.9,"NE",2.20000000000005,3.54054800000007,NA,"lower",872.423214,868.882666,199
313,9,21,"Nishnabotna Bend",543.4,542.1,"NE",1.29999999999995,2.09214199999993,NA,"lower",874.515356,872.423214,200
312,9,20,"Lower Kansas Bend",544.8,543.4,"NE",1.40000000000009,2.25307600000015,NA,"lower",876.768432,874.515356,201
311,9,19,"Upper Kansas Bend",546.3,544.8,"NE",1.50000000000011,2.41401000000018,NA,"lower",879.182442,876.768432,202
310,9,18,"Lower Barney Bend",549.7,546.3,"NE",3.40000000000009,5.47175600000015,NA,"lower",884.654198,879.182442,203
309,9,17,"Upper Barney Bend",550.5,549.7,"NE",0.799999999999955,1.28747199999993,NA,"lower",885.94167,884.654198,204
308,9,16,"Lower Hamburg Bend",553.1,550.5,"NE",2.60000000000002,4.18428400000004,NA,"lower",890.125954,885.94167,205
307,9,15,"Upper Hamburg Bend",555,553.1,"NE",1.89999999999998,3.05774599999996,NA,"lower",893.1837,890.125954,206
306,9,14,"Otoe Bend",557.1,555,"NE",2.10000000000002,3.37961400000004,NA,"lower",896.563314,893.1837,207
305,9,13,"Frazers Bend",559.8,557.1,"NE",2.70000000000005,4.34521800000007,NA,"lower",900.908532,896.563314,208
304,9,12,"Nebraska Bend",563.1,559.8,"NE",3.30000000000007,5.31082200000011,NA,"lower",906.219354,900.908532,209
303,9,11,"Lower Copeland Bend",565.1,563.1,"NE",2,3.21868,NA,"lower",909.438034,906.219354,210
302,9,10,"Upper Copeland Bend",569.9,565.1,"NE",4.79999999999995,7.72483199999993,NA,"lower",917.162866,909.438034,211
301,9,9,"Lower Civial Bend",572.6,569.9,"NE",2.70000000000005,4.34521800000007,NA,"lower",921.508084,917.162866,212
300,9,8,"Upper Civil Bend",574.7,572.6,"NE",2.10000000000002,3.37961400000004,NA,"lower",924.887698,921.508084,213
299,9,7,"Van Horns Bend",576.5,574.7,"NE",1.79999999999995,2.89681199999993,NA,"lower",927.78451,924.887698,214
298,9,6,"Pin Hook Bend",578.9,576.5,"NE",2.39999999999998,3.86241599999996,NA,"lower",931.646926,927.78451,215
297,9,5,"Calumet Bartlett Bend",582.8,578.9,"NE",3.90000000000009,6.27642600000015,NA,"lower",937.923352,931.646926,216
296,9,4,"Rock Bluff Bend",586.1,582.8,"NE",3.30000000000007,5.31082200000011,NA,"lower",943.234174,937.923352,217
295,9,3,"Tobacco Bend",589.1,586.1,"NE",3,4.82802,NA,"lower",948.062194,943.234174,218
294,9,2,"Lower Plattsmouth Bend",591.8,589.1,"NE",2.70000000000005,4.34521800000007,NA,"lower",952.407412,948.062194,219
293,9,1,"Upper Plattsmouth Bend",595.1,591.8,"NE",3.30000000000007,5.31082200000011,NA,"lower",957.718234,952.407412,220
292,8,61,"Papillion Bend",596.1,595.1,"NE",1,1.60934,NA,"lower",959.327574,957.718234,221
291,8,60,"St. Mary's Cut-off",598.1,596.1,"NE",2,3.21868,NA,"lower",962.546254,959.327574,222
290,8,59,"Lower Bellevue Reach",599.4,598.1,"NE",1.29999999999995,2.09214199999993,NA,"lower",964.638396,962.546254,223
289,8,58,"Upper Bellevue Reach",600.9,599.4,"NE",1.5,2.41401,NA,"lower",967.052406,964.638396,224
288,8,57,"Bellevue Bend",604.6,600.9,"NE",3.70000000000005,5.95455800000007,NA,"lower",973.006964,967.052406,225
287,8,56,"Manawa Bend",608.9,604.6,"NE",4.29999999999995,6.92016199999993,NA,"lower",979.927126,973.006964,226
286,8,55,"Gibson Bend",612.9,608.9,"NE",4,6.43736,NA,"lower",986.364486,979.927126,227
285,8,54,"Omaha Bend",614.7,612.9,"NE",1.80000000000007,2.89681200000011,NA,"lower",989.261298,986.364486,228
284,8,53,"Council Bend",617.6,614.7,"NE",2.89999999999998,4.66708599999996,NA,"lower",993.928384,989.261298,229
283,8,52,"The Narrows",622.9,617.6,"NE",5.29999999999995,8.52950199999993,NA,"lower",1002.457886,993.928384,230
282,8,51,"Florence Bend",627.9,622.9,"NE",5,8.0467,NA,"lower",1010.504586,1002.457886,231
281,8,50,"Lower Pigeon Creek Bend",629.8,627.9,"NE",1.90000000000009,3.05774600000015,NA,"lower",1013.562332,1010.504586,232
280,8,49,"Upper Pigeon Creek Bend",631.2,629.8,"NE",1.40000000000009,2.25307600000015,NA,"lower",1015.815408,1013.562332,233
279,8,48,"Lower Rockport Bend",632.6,631.2,"NE",1.39999999999998,2.25307599999996,NA,"lower",1018.068484,1015.815408,234
278,8,47,"Upper Rockport Bend",634.2,632.6,"NE",1.60000000000002,2.57494400000004,NA,"lower",1020.643428,1018.068484,235
277,8,46,"Boyer Bend",637.2,634.2,"NE",3,4.82802,NA,"lower",1025.471448,1020.643428,236
276,8,45,"Lower Calhoun Bend",638.6,637.2,"NE",1.39999999999998,2.25307599999996,NA,"lower",1027.724524,1025.471448,237
275,8,44,"Middle Calhoun Bend",639.9,638.6,"NE",1.29999999999995,2.09214199999993,NA,"lower",1029.816666,1027.724524,238
274,8,43,"Upper Calhoun Bend",642.1,639.9,"NE",2.20000000000005,3.54054800000007,NA,"lower",1033.357214,1029.816666,239
273,8,42,"Desoto Cut-off",644.6,642.1,"NE",2.5,4.02335,NA,"lower",1037.380564,1033.357214,240
272,8,41,"Blair-Desoto Bend",649.2,644.6,"NE",4.60000000000002,7.40296400000004,NA,"lower",1044.783528,1037.380564,241
271,8,40,"California Cut-off",651.8,649.2,"NE",2.60000000000002,4.18428400000004,NA,"lower",1048.967812,1044.783528,242
270,8,39,"Tysons Bend",654.9,651.8,"NE",3.10000000000002,4.98895400000004,NA,"lower",1053.956766,1048.967812,243
269,8,38,"Sandy Point Bend",657.9,654.9,"NE",3,4.82802,NA,"lower",1058.784786,1053.956766,244
268,8,37,"Peterson Cut-off",660.9,657.9,"NE",3,4.82802,NA,"lower",1063.612806,1058.784786,245
267,8,36,"Soldier Bend",663.2,660.9,"NE",2.30000000000007,3.70148200000011,NA,"lower",1067.314288,1063.612806,246
266,8,35,"Bullard Bend",666.6,663.2,"NE",3.39999999999998,5.47175599999996,NA,"lower",1072.786044,1067.314288,247
265,8,34,"Little Sioux Bend",670.5,666.6,"NE",3.89999999999998,6.27642599999996,NA,"lower",1079.06247,1072.786044,248
264,8,33,"Lower Little Sioux Reach",672.9,670.5,"NE",2.39999999999998,3.86241599999996,NA,"lower",1082.924886,1079.06247,249
263,8,32,"Middle Little Sioux Reach",675.1,672.9,"NE",2.20000000000005,3.54054800000007,NA,"lower",1086.465434,1082.924886,250
262,8,31,"Upper Little Sioux Reach",676.8,675.1,"NE",1.70000000000005,2.73587800000007,NA,"lower",1089.201312,1086.465434,251
261,8,30,"Lower Blencoe Bend",678,676.8,"NE",1.20000000000005,1.93120800000007,NA,"lower",1091.13252,1089.201312,252
260,8,29,"Middle Blencoe Bend",680,678,"NE",2,3.21868,NA,"lower",1094.3512,1091.13252,253
259,8,28,"Upper Blencoe Bend",681.3,680,"NE",1.30000000000007,2.09214200000011,NA,"lower",1096.443342,1094.3512,254
258,8,27,"Lower Louisville Bend",683.4,681.3,"NE",2.10000000000002,3.37961400000004,NA,"lower",1099.822956,1096.443342,255
257,8,26,"Upper Louisville Bend",686.1,683.4,"NE",2.70000000000005,4.34521800000007,NA,"lower",1104.168174,1099.822956,256
256,8,25,"Lower Decatur Bend",687.5,686.1,"NE",1.39999999999998,2.25307599999996,NA,"lower",1106.42125,1104.168174,257
255,8,24,"Middle Decatur Bend",689.1,687.5,"NE",1.60000000000002,2.57494400000004,NA,"lower",1108.996194,1106.42125,258
254,8,23,"Upper Decatur Bend",691.5,689.1,"NE",2.39999999999998,3.86241599999996,NA,"lower",1112.85861,1108.996194,259
253,8,22,"Tieville Bend",693.7,691.5,"NE",2.20000000000005,3.54054800000007,NA,"lower",1116.399158,1112.85861,260
252,8,21,"Blackbird Bend",697.6,693.7,"NE",3.89999999999998,6.27642599999996,NA,"lower",1122.675584,1116.399158,261
251,8,20,"Lower Monona Bend",701,697.6,"NE",3.39999999999998,5.47175599999996,NA,"lower",1128.14734,1122.675584,262
250,8,19,"Upper Monona Bend",702.7,701,"NE",1.70000000000005,2.73587800000007,NA,"lower",1130.883218,1128.14734,263
249,8,18,"Lower Omaha Mission Bend",704.1,702.7,"NE",1.39999999999998,2.25307599999996,NA,"lower",1133.136294,1130.883218,264
248,8,17,"Middle Omaha Mission Bend",706.4,704.1,"NE",2.29999999999995,3.70148199999993,NA,"lower",1136.837776,1133.136294,265
247,8,16,"Upper Omaha Mission Bend",708.1,706.4,"NE",1.70000000000005,2.73587800000007,NA,"lower",1139.573654,1136.837776,266
246,8,15,"Winnebago Bend",710.9,708.1,"NE",2.79999999999995,4.50615199999993,NA,"lower",1144.079806,1139.573654,267
245,8,14,"Glovers Point Bend",713.9,710.9,"NE",3,4.82802,NA,"lower",1148.907826,1144.079806,268
244,8,13,"Snyder Bend",716.3,713.9,"NE",2.40000000000009,3.86241600000015,NA,"lower",1152.770242,1148.907826,269
243,8,12,"Browers Bend",718.7,716.3,"NE",2.40000000000009,3.86241600000015,NA,"lower",1156.632658,1152.770242,270
242,8,11,"Omadi Bend",722.1,718.7,"NE",3.39999999999998,5.47175599999996,NA,"lower",1162.104414,1156.632658,271
241,8,10,"Lower Dakota Bend",723.5,722.1,"NE",1.39999999999998,2.25307599999996,NA,"lower",1164.35749,1162.104414,272
240,8,9,"Upper Dakota Bend",726.3,723.5,"NE",2.80000000000007,4.50615200000011,NA,"lower",1168.863642,1164.35749,273
239,8,8,"Floyd Bend",732.1,726.3,"NE",5.80000000000007,9.33417200000011,NA,"lower",1178.197814,1168.863642,274
238,8,7,"Lower Sioux City Bend",732.9,732.1,"NE",0.799999999999955,1.28747199999993,NA,"lower",1179.485286,1178.197814,275
237,8,6,"Upper Sioux City Bend",734.8,732.9,"NE",1.90000000000009,3.05774600000015,NA,"lower",1182.543032,1179.485286,276
236,8,5,"Big Sioux Bend",738.5,734.8,"NE",3.70000000000005,5.95455800000007,NA,"lower",1188.49759,1182.543032,277
235,8,4,"McCook Lake Bend",742.5,738.5,"NE",4,6.43736,NA,"lower",1194.93495,1188.49759,278
234,8,3,"Kenslers Bend",747.1,742.5,"NE",4.60000000000002,7.40296400000004,NA,"lower",1202.337914,1194.93495,279
233,8,2,"Miners Bend",750.2,747.1,"NE",3.10000000000002,4.98895400000004,NA,"lower",1207.326868,1202.337914,280
232,8,1,"Lower Ponca Bend",753.1,750.2,"NE",2.89999999999998,4.66708599999996,NA,"lower",1211.993954,1207.326868,281
557,7,33,NA,754.1,753.1,"SD",1,1.60934,NA,"lower",1213.603294,1211.993954,282
554,7,32,NA,755.6,754.1,"SD",1.5,2.41401,NA,"lower",1216.017304,1213.603294,283
553,7,31,NA,756.1,755.6,"SD",0.5,0.80467,NA,"lower",1216.821974,1216.017304,284
552,7,30,NA,757.6,756.1,"SD",1.5,2.41401,NA,"lower",1219.235984,1216.821974,285
551,7,29,NA,760.1,757.6,"SD",2.5,4.02335,NA,"lower",1223.259334,1219.235984,286
550,7,28,NA,761.1,760.1,"SD",1,1.60934,NA,"lower",1224.868674,1223.259334,287
549,7,27,NA,762.1,761.1,"SD",1,1.60934,NA,"lower",1226.478014,1224.868674,288
548,7,26,NA,763.6,762.1,"SD",1.5,2.41401,NA,"lower",1228.892024,1226.478014,289
547,7,25,NA,764.6,763.6,"SD",1,1.60934,NA,"lower",1230.501364,1228.892024,290
546,7,24,NA,767.1,764.6,"SD",2.5,4.02335,NA,"lower",1234.524714,1230.501364,291
545,7,23,NA,769.1,767.1,"SD",2,3.21868,NA,"lower",1237.743394,1234.524714,292
544,7,22,NA,770.1,769.1,"SD",1,1.60934,NA,"lower",1239.352734,1237.743394,293
543,7,21,NA,772.6,770.1,"SD",2.5,4.02335,NA,"lower",1243.376084,1239.352734,294
542,7,20,NA,773.6,772.6,"SD",1,1.60934,NA,"lower",1244.985424,1243.376084,295
541,7,19,NA,774.1,773.6,"SD",0.5,0.80467,NA,"lower",1245.790094,1244.985424,296
540,7,18,NA,775.6,774.1,"SD",1.5,2.41401,NA,"lower",1248.204104,1245.790094,297
539,7,17,NA,777.6,775.6,"SD",2,3.21868,NA,"lower",1251.422784,1248.204104,298
538,7,16,NA,779,777.6,"SD",1.39999999999998,2.25307599999996,NA,"lower",1253.67586,1251.422784,299
558,7,34,NA,779.6,779,"SD",0.600000000000023,0.965604000000037,NA,"lower",1254.641464,1253.67586,300
537,7,15,NA,782.6,779.6,"SD",3,4.82802,NA,"lower",1259.469484,1254.641464,301
535,7,14,NA,787.6,782.6,"SD",5,8.0467,NA,"lower",1267.516184,1259.469484,302
534,7,13,NA,789.1,787.6,"SD",1.5,2.41401,NA,"lower",1269.930194,1267.516184,303
533,7,12,NA,793.1,789.1,"SD",4,6.43736,NA,"lower",1276.367554,1269.930194,304
532,7,11,NA,795.1,793.1,"SD",2,3.21868,NA,"lower",1279.586234,1276.367554,305
531,7,10,NA,796.6,795.1,"SD",1.5,2.41401,NA,"lower",1282.000244,1279.586234,306
530,7,9,NA,797.6,796.6,"SD",1,1.60934,NA,"lower",1283.609584,1282.000244,307
529,7,8,NA,799.6,797.6,"SD",2,3.21868,NA,"lower",1286.828264,1283.609584,308
528,7,7,NA,801.1,799.6,"SD",1.5,2.41401,NA,"lower",1289.242274,1286.828264,309
527,7,6,NA,801.6,801.1,"SD",0.5,0.80467,NA,"lower",1290.046944,1289.242274,310
526,7,5,NA,803.6,801.6,"SD",2,3.21868,NA,"lower",1293.265624,1290.046944,311
525,7,4,NA,805.6,803.6,"SD",2,3.21868,NA,"lower",1296.484304,1293.265624,312
524,7,3,NA,807.6,805.6,"SD",2,3.21868,NA,"lower",1299.702984,1296.484304,313
523,7,2,NA,810,807.6,"SD",2.39999999999998,3.86241599999996,NA,"lower",1303.5654,1299.702984,314
522,7,1,NA,811.1,810,"SD",1.10000000000002,1.77027400000004,NA,"lower",1305.335674,1303.5654,315
203,4,24,NA,1534.1,1530,"ND",4.09999999999991,6.59829399999985,NA,"upper",2468.888494,2462.2902,316
202,4,23,NA,1538.9,1534.1,"ND",4.79999999999995,7.72483199999993,NA,"upper",2476.613326,2468.888494,317
201,4,22,NA,1540.3,1538.9,"ND",1.39999999999986,2.25307599999978,NA,"upper",2478.866402,2476.613326,318
200,4,21,NA,1541.3,1540.3,"ND",1,1.60934,NA,"upper",2480.475742,2478.866402,319
199,4,20,NA,1544.6,1541.3,"ND",3.29999999999995,5.31082199999993,NA,"upper",2485.786564,2480.475742,320
198,4,19,NA,1548.4,1544.6,"ND",3.79999999999995,6.11549199999993,NA,"upper",2491.902056,2485.786564,321
197,4,18,NA,1549.3,1548.4,"ND",0.899999999999864,1.44840599999978,NA,"upper",2493.350462,2491.902056,322
196,4,17,NA,1551.4,1549.3,"ND",2.09999999999991,3.37961399999985,NA,"upper",2496.730076,2493.350462,323
195,4,16,NA,1553.2,1551.4,"ND",1.79999999999973,2.89681199999956,NA,"upper",2499.626888,2496.730076,324
194,4,15,NA,1555.9,1553.2,"ND",2.69999999999982,4.34521799999971,NA,"upper",2503.972106,2499.626888,325
193,4,14,NA,1558.1,1555.9,"ND",2.19999999999982,3.54054799999971,NA,"upper",2507.512654,2503.972106,326
192,4,13,NA,1560.4,1558.1,"ND",2.29999999999995,3.70148199999993,NA,"upper",2511.214136,2507.512654,327
191,4,12,NA,1562.4,1560.4,"ND",1.99999999999977,3.21867999999963,NA,"upper",2514.432816,2511.214136,328
190,4,11,NA,1563.3,1562.4,"ND",0.899999999999864,1.44840599999978,NA,"upper",2515.881222,2514.432816,329
189,4,10,NA,1565.6,1563.3,"ND",2.29999999999995,3.70148199999993,NA,"upper",2519.582704,2515.881222,330
188,4,9,NA,1567.3,1565.6,"ND",1.70000000000005,2.73587800000007,NA,"upper",2522.318582,2519.582704,331
187,4,8,NA,1569.2,1567.3,"ND",1.89999999999986,3.05774599999978,NA,"upper",2525.376328,2522.318582,332
186,4,7,NA,1574.3,1569.2,"ND",5.09999999999991,8.20763399999985,NA,"upper",2533.583962,2525.376328,333
185,4,6,NA,1575,1574.3,"ND",0.700000000000045,1.12653800000007,NA,"upper",2534.7105,2533.583962,334
184,4,5,NA,1575.9,1575,"ND",0.899999999999864,1.44840599999978,NA,"upper",2536.158906,2534.7105,335
183,4,4,NA,1577.1,1575.9,"ND",1.19999999999982,1.93120799999971,NA,"upper",2538.090114,2536.158906,336
182,4,3,NA,1578.7,1577.1,"ND",1.59999999999991,2.57494399999985,NA,"upper",2540.665058,2538.090114,337
181,4,2,NA,1580.9,1578.7,"ND",2.19999999999982,3.54054799999971,NA,"upper",2544.205606,2540.665058,338
180,4,1,NA,1582.2,1580.9,"ND",1.29999999999973,2.09214199999956,NA,"upper",2546.297748,2544.205606,339
179,3,91,NA,1583.6,1582.2,"ND",1.39999999999986,2.25307599999978,NA,"upper",2548.550824,2546.297748,340
178,3,90,NA,1585.6,1583.6,"ND",2,3.21868,NA,"upper",2551.769504,2548.550824,341
177,3,89,NA,1587.1,1585.6,"MT",1.5,2.41401,NA,"upper",2554.183514,2551.769504,342
176,3,88,NA,1588.6,1587.1,"MT",1.5,2.41401,NA,"upper",2556.597524,2554.183514,343
175,3,87,NA,1589.6,1588.6,"MT",1,1.60934,NA,"upper",2558.206864,2556.597524,344
174,3,86,NA,1590.6,1589.6,"MT",1,1.60934,NA,"upper",2559.816204,2558.206864,345
173,3,85,NA,1591.1,1590.6,"MT",0.5,0.80467,NA,"upper",2560.620874,2559.816204,346
172,3,84,NA,1592.1,1591.1,"MT",1,1.60934,NA,"upper",2562.230214,2560.620874,347
171,3,83,NA,1593.1,1592.1,"MT",1,1.60934,NA,"upper",2563.839554,2562.230214,348
170,3,82,NA,1594.1,1593.1,"MT",1,1.60934,NA,"upper",2565.448894,2563.839554,349
169,3,81,NA,1595.1,1594.1,"MT",1,1.60934,NA,"upper",2567.058234,2565.448894,350
168,3,80,NA,1596.1,1595.1,"MT",1,1.60934,NA,"upper",2568.667574,2567.058234,351
167,3,79,NA,1597.6,1596.1,"MT",1.5,2.41401,NA,"upper",2571.081584,2568.667574,352
166,3,78,NA,1598.6,1597.6,"MT",1,1.60934,NA,"upper",2572.690924,2571.081584,353
165,3,77,NA,1603.1,1598.6,"MT",4.5,7.24203,NA,"upper",2579.932954,2572.690924,354
164,3,76,NA,1604.6,1603.1,"MT",1.5,2.41401,NA,"upper",2582.346964,2579.932954,355
163,3,75,NA,1606.6,1604.6,"MT",2,3.21868,NA,"upper",2585.565644,2582.346964,356
162,3,74,NA,1608.6,1606.6,"MT",2,3.21868,NA,"upper",2588.784324,2585.565644,357
161,3,73,NA,1610.1,1608.6,"MT",1.5,2.41401,NA,"upper",2591.198334,2588.784324,358
160,3,72,NA,1611.1,1610.1,"MT",1,1.60934,NA,"upper",2592.807674,2591.198334,359
159,3,71,NA,1612.1,1611.1,"MT",1,1.60934,NA,"upper",2594.417014,2592.807674,360
158,3,70,NA,1613.6,1612.1,"MT",1.5,2.41401,NA,"upper",2596.831024,2594.417014,361
157,3,69,NA,1615.1,1613.6,"MT",1.5,2.41401,NA,"upper",2599.245034,2596.831024,362
156,3,68,NA,1616.6,1615.1,"MT",1.5,2.41401,NA,"upper",2601.659044,2599.245034,363
155,3,67,NA,1617.6,1616.6,"MT",1,1.60934,NA,"upper",2603.268384,2601.659044,364
154,3,66,NA,1618.6,1617.6,"MT",1,1.60934,NA,"upper",2604.877724,2603.268384,365
153,3,65,NA,1619.6,1618.6,"MT",1,1.60934,NA,"upper",2606.487064,2604.877724,366
152,3,64,NA,1620.6,1619.6,"MT",1,1.60934,NA,"upper",2608.096404,2606.487064,367
151,3,63,NA,1622.1,1620.6,"MT",1.5,2.41401,NA,"upper",2610.510414,2608.096404,368
150,3,62,NA,1623.1,1622.1,"MT",1,1.60934,NA,"upper",2612.119754,2610.510414,369
149,3,61,NA,1624.1,1623.1,"MT",1,1.60934,NA,"upper",2613.729094,2612.119754,370
148,3,60,NA,1625.6,1624.1,"MT",1.5,2.41401,NA,"upper",2616.143104,2613.729094,371
147,3,59,NA,1627.1,1625.6,"MT",1.5,2.41401,NA,"upper",2618.557114,2616.143104,372
146,3,58,NA,1628.6,1627.1,"MT",1.5,2.41401,NA,"upper",2620.971124,2618.557114,373
145,3,57,NA,1629.6,1628.6,"MT",1,1.60934,NA,"upper",2622.580464,2620.971124,374
144,3,56,NA,1630.6,1629.6,"MT",1,1.60934,NA,"upper",2624.189804,2622.580464,375
143,3,55,NA,1631.6,1630.6,"MT",1,1.60934,NA,"upper",2625.799144,2624.189804,376
142,3,54,NA,1632.6,1631.6,"MT",1,1.60934,NA,"upper",2627.408484,2625.799144,377
141,3,53,NA,1633.6,1632.6,"MT",1,1.60934,NA,"upper",2629.017824,2627.408484,378
140,3,52,NA,1634.6,1633.6,"MT",1,1.60934,NA,"upper",2630.627164,2629.017824,379
139,3,51,NA,1635.6,1634.6,"MT",1,1.60934,NA,"upper",2632.236504,2630.627164,380
138,3,50,NA,1636.6,1635.6,"MT",1,1.60934,NA,"upper",2633.845844,2632.236504,381
137,3,49,NA,1637.6,1636.6,"MT",1,1.60934,NA,"upper",2635.455184,2633.845844,382
136,3,48,NA,1638.6,1637.6,"MT",1,1.60934,NA,"upper",2637.064524,2635.455184,383
135,3,47,NA,1639.6,1638.6,"MT",1,1.60934,NA,"upper",2638.673864,2637.064524,384
134,3,46,NA,1640.6,1639.6,"MT",1,1.60934,NA,"upper",2640.283204,2638.673864,385
133,3,45,NA,1641.6,1640.6,"MT",1,1.60934,NA,"upper",2641.892544,2640.283204,386
132,3,44,NA,1643.1,1641.6,"MT",1.5,2.41401,NA,"upper",2644.306554,2641.892544,387
131,3,43,NA,1644.6,1643.1,"MT",1.5,2.41401,NA,"upper",2646.720564,2644.306554,388
130,3,42,NA,1646.1,1644.6,"MT",1.5,2.41401,NA,"upper",2649.134574,2646.720564,389
129,3,41,NA,1647.1,1646.1,"MT",1,1.60934,NA,"upper",2650.743914,2649.134574,390
128,3,40,NA,1648.6,1647.1,"MT",1.5,2.41401,NA,"upper",2653.157924,2650.743914,391
127,3,39,NA,1650.1,1648.6,"MT",1.5,2.41401,NA,"upper",2655.571934,2653.157924,392
126,3,38,NA,1651.1,1650.1,"MT",1,1.60934,NA,"upper",2657.181274,2655.571934,393
125,3,37,NA,1653.1,1651.1,"MT",2,3.21868,NA,"upper",2660.399954,2657.181274,394
124,3,36,NA,1654.1,1653.1,"MT",1,1.60934,NA,"upper",2662.009294,2660.399954,395
123,3,35,NA,1655.1,1654.1,"MT",1,1.60934,NA,"upper",2663.618634,2662.009294,396
122,3,34,NA,1656.1,1655.1,"MT",1,1.60934,NA,"upper",2665.227974,2663.618634,397
121,3,33,NA,1657.1,1656.1,"MT",1,1.60934,NA,"upper",2666.837314,2665.227974,398
120,3,32,NA,1659.1,1657.1,"MT",2,3.21868,NA,"upper",2670.055994,2666.837314,399
119,3,31,NA,1660.1,1659.1,"MT",1,1.60934,NA,"upper",2671.665334,2670.055994,400
118,3,30,NA,1661.6,1660.1,"MT",1.5,2.41401,NA,"upper",2674.079344,2671.665334,401
117,3,29,NA,1663.1,1661.6,"MT",1.5,2.41401,NA,"upper",2676.493354,2674.079344,402
116,3,28,NA,1664.1,1663.1,"MT",1,1.60934,NA,"upper",2678.102694,2676.493354,403
115,3,27,NA,1665.1,1664.1,"MT",1,1.60934,NA,"upper",2679.712034,2678.102694,404
114,3,26,NA,1666.1,1665.1,"MT",1,1.60934,NA,"upper",2681.321374,2679.712034,405
113,3,25,NA,1667.1,1666.1,"MT",1,1.60934,NA,"upper",2682.930714,2681.321374,406
112,3,24,NA,1668.6,1667.1,"MT",1.5,2.41401,NA,"upper",2685.344724,2682.930714,407
111,3,23,NA,1670.1,1668.6,"MT",1.5,2.41401,NA,"upper",2687.758734,2685.344724,408
110,3,22,NA,1671.1,1670.1,"MT",1,1.60934,NA,"upper",2689.368074,2687.758734,409
109,3,21,NA,1672.6,1671.1,"MT",1.5,2.41401,NA,"upper",2691.782084,2689.368074,410
108,3,20,NA,1674.1,1672.6,"MT",1.5,2.41401,NA,"upper",2694.196094,2691.782084,411
107,3,19,NA,1675.6,1674.1,"MT",1.5,2.41401,NA,"upper",2696.610104,2694.196094,412
106,3,18,NA,1677.1,1675.6,"MT",1.5,2.41401,NA,"upper",2699.024114,2696.610104,413
105,3,17,NA,1678.6,1677.1,"MT",1.5,2.41401,NA,"upper",2701.438124,2699.024114,414
104,3,16,NA,1680.1,1678.6,"MT",1.5,2.41401,NA,"upper",2703.852134,2701.438124,415
103,3,15,NA,1681.6,1680.1,"MT",1.5,2.41401,NA,"upper",2706.266144,2703.852134,416
102,3,14,NA,1683.1,1681.6,"MT",1.5,2.41401,NA,"upper",2708.680154,2706.266144,417
101,3,13,NA,1684.6,1683.1,"MT",1.5,2.41401,NA,"upper",2711.094164,2708.680154,418
100,3,12,NA,1685.6,1684.6,"MT",1,1.60934,NA,"upper",2712.703504,2711.094164,419
99,3,11,NA,1687.6,1685.6,"MT",2,3.21868,NA,"upper",2715.922184,2712.703504,420
98,3,10,NA,1689.1,1687.6,"MT",1.5,2.41401,NA,"upper",2718.336194,2715.922184,421
97,3,9,NA,1690.6,1689.1,"MT",1.5,2.41401,NA,"upper",2720.750204,2718.336194,422
96,3,8,NA,1692.1,1690.6,"MT",1.5,2.41401,NA,"upper",2723.164214,2720.750204,423
95,3,7,NA,1693.6,1692.1,"MT",1.5,2.41401,NA,"upper",2725.578224,2723.164214,424
94,3,6,NA,1695.1,1693.6,"MT",1.5,2.41401,NA,"upper",2727.992234,2725.578224,425
93,3,5,NA,1696.1,1695.1,"MT",1,1.60934,NA,"upper",2729.601574,2727.992234,426
92,3,4,NA,1697.6,1696.1,"MT",1.5,2.41401,NA,"upper",2732.015584,2729.601574,427
91,3,3,NA,1698.6,1697.6,"MT",1,1.60934,NA,"upper",2733.624924,2732.015584,428
90,3,2,NA,1700.1,1698.6,"MT",1.5,2.41401,NA,"upper",2736.038934,2733.624924,429
89,3,1,NA,1701.6,1700.1,"MT",1.5,2.41401,NA,"upper",2738.452944,2736.038934,430
88,2,40,NA,1703.1,1701.6,"MT",1.5,2.41401,NA,"upper",2740.866954,2738.452944,431
87,2,39,NA,1704.6,1703.1,"MT",1.5,2.41401,NA,"upper",2743.280964,2740.866954,432
86,2,38,NA,1705.6,1704.6,"MT",1,1.60934,NA,"upper",2744.890304,2743.280964,433
85,2,37,NA,1706.6,1705.6,"MT",1,1.60934,NA,"upper",2746.499644,2744.890304,434
84,2,36,NA,1707.6,1706.6,"MT",1,1.60934,NA,"upper",2748.108984,2746.499644,435
83,2,35,NA,1709.1,1707.6,"MT",1.5,2.41401,NA,"upper",2750.522994,2748.108984,436
82,2,34,NA,1710.1,1709.1,"MT",1,1.60934,NA,"upper",2752.132334,2750.522994,437
81,2,33,NA,1710.6,1710.1,"MT",0.5,0.80467,NA,"upper",2752.937004,2752.132334,438
80,2,32,NA,1712.1,1710.6,"MT",1.5,2.41401,NA,"upper",2755.351014,2752.937004,439
79,2,31,NA,1714.1,1712.1,"MT",2,3.21868,NA,"upper",2758.569694,2755.351014,440
78,2,30,NA,1716.1,1714.1,"MT",2,3.21868,NA,"upper",2761.788374,2758.569694,441
77,2,29,NA,1717.6,1716.1,"MT",1.5,2.41401,NA,"upper",2764.202384,2761.788374,442
76,2,28,NA,1719.1,1717.6,"MT",1.5,2.41401,NA,"upper",2766.616394,2764.202384,443
75,2,27,NA,1720.1,1719.1,"MT",1,1.60934,NA,"upper",2768.225734,2766.616394,444
74,2,26,NA,1722.1,1720.1,"MT",2,3.21868,NA,"upper",2771.444414,2768.225734,445
73,2,25,NA,1723.6,1722.1,"MT",1.5,2.41401,NA,"upper",2773.858424,2771.444414,446
72,2,24,NA,1725.6,1723.6,"MT",2,3.21868,NA,"upper",2777.077104,2773.858424,447
71,2,23,NA,1726.6,1725.6,"MT",1,1.60934,NA,"upper",2778.686444,2777.077104,448
70,2,22,NA,1727.6,1726.6,"MT",1,1.60934,NA,"upper",2780.295784,2778.686444,449
69,2,21,NA,1728.6,1727.6,"MT",1,1.60934,NA,"upper",2781.905124,2780.295784,450
68,2,20,NA,1730.6,1728.6,"MT",2,3.21868,NA,"upper",2785.123804,2781.905124,451
67,2,19,NA,1732.1,1730.6,"MT",1.5,2.41401,NA,"upper",2787.537814,2785.123804,452
66,2,18,NA,1733.1,1732.1,"MT",1,1.60934,NA,"upper",2789.147154,2787.537814,453
65,2,17,NA,1735.1,1733.1,"MT",2,3.21868,NA,"upper",2792.365834,2789.147154,454
64,2,16,NA,1736.6,1735.1,"MT",1.5,2.41401,NA,"upper",2794.779844,2792.365834,455
63,2,15,NA,1738.1,1736.6,"MT",1.5,2.41401,NA,"upper",2797.193854,2794.779844,456
62,2,14,NA,1740.1,1738.1,"MT",2,3.21868,NA,"upper",2800.412534,2797.193854,457
61,2,13,NA,1741.6,1740.1,"MT",1.5,2.41401,NA,"upper",2802.826544,2800.412534,458
60,2,12,NA,1744.1,1741.6,"MT",2.5,4.02335,NA,"upper",2806.849894,2802.826544,459
59,2,11,NA,1745.1,1744.1,"MT",1,1.60934,NA,"upper",2808.459234,2806.849894,460
58,2,10,NA,1747.1,1745.1,"MT",2,3.21868,NA,"upper",2811.677914,2808.459234,461
57,2,9,NA,1749.6,1747.1,"MT",2.5,4.02335,NA,"upper",2815.701264,2811.677914,462
56,2,8,NA,1751.1,1749.6,"MT",1.5,2.41401,NA,"upper",2818.115274,2815.701264,463
55,2,7,NA,1753.1,1751.1,"MT",2,3.21868,NA,"upper",2821.333954,2818.115274,464
54,2,6,NA,1754.6,1753.1,"MT",1.5,2.41401,NA,"upper",2823.747964,2821.333954,465
53,2,5,NA,1756.1,1754.6,"MT",1.5,2.41401,NA,"upper",2826.161974,2823.747964,466
52,2,4,NA,1757.6,1756.1,"MT",1.5,2.41401,NA,"upper",2828.575984,2826.161974,467
51,2,3,NA,1759.1,1757.6,"MT",1.5,2.41401,NA,"upper",2830.989994,2828.575984,468
50,2,2,NA,1760.1,1759.1,"MT",1,1.60934,NA,"upper",2832.599334,2830.989994,469
49,2,1,NA,1761.1,1760.1,"MT",1,1.60934,NA,"upper",2834.208674,2832.599334,470
48,1,1,NA,1766.1,1761.1,"MT",5,8.0467,NA,"upper",2842.255374,2834.208674,471
