"","BRM_ID","B_SEGMENT","BEND_NUM","B_DESC","UPPER_RIVER_MILE","LOWER_RIVER_MILE","STATE","LENGTH.RM","LENGTH.RKM","NA."
"400",720,11,1,"Kansas River Bend 1",1.7,0,"MO",1.7,2.735878,NA
"467",457,14,1,"Amazon Bend",3.4,0,"MO",3.4,5.471756,NA
"401",721,11,2,"Kansas River Bend 2",5.3,1.8,"MO",3.5,5.63269,NA
"468",458,14,2,"Cora Island Bend",6,3.5,"MO",2.5,4.02335,NA
"402",722,11,3,"Kansas River Bend 3",9.1,5.4,"MO",3.7,5.954558,NA
"469",459,14,3,"Bellefontaine Bend",9.3,6.1,"MO",3.2,5.149888,NA
"403",723,11,4,"Kansas River Bend 4",11,9.2,"MO",1.8,2.896812,NA
"470",460,14,4,"Brickhouse Bend",10.7,9.4,"MO",1.3,2.092142,NA
"471",461,14,5,"Pelican Bend",16.8,10.8,"MO",6,9.65604,NA
"404",724,11,5,"Below Johnson County Wier",14.7,11.1,"MO",3.6,5.793624,NA
"405",725,11,6,"Above Johnson County Wier",22.1,14.8,"MO",7.3,11.748182,NA
"472",462,14,6,"Mullanphy Bend",22,16.9,"MO",5.1,8.207634,NA
"473",463,14,7,"Cul de Sac Bend",25.4,22.1,"MO",3.3,5.310822,NA
"406",726,11,7,"Wilder Bend",22.5,22.2,"MO",0.300000000000001,0.482802000000001,NA
"407",727,11,8,"Little KAW Bend",23.9,22.6,"MO",1.3,2.092142,NA
"408",689,11,9,"Loring Bends",25.2,24,"MO",1.2,1.931208,NA
"409",690,11,10,"Cedar Bend",26.8,25.3,"MO",1.5,2.41401,NA
"474",464,14,8,"St. Charles Bends",26.5,25.5,"MO",1,1.60934,NA
"475",465,14,9,"St. Charles Bends",28.6,26.6,"MO",2,3.21868,NA
"410",691,11,11,"Coldspur Bend",29.1,26.9,"MO",2.2,3.540548,NA
"476",466,14,10,"Creve Coeur Bend",31.8,28.7,"MO",3.1,4.988954,NA
"411",692,11,12,"De Soto Bend",31.6,29.2,"MO",2.4,3.862416,NA
"477",467,14,11,"Springhouse Bend",34.1,31.9,"MO",2.2,3.540548,NA
"412",693,11,13,"Golden Bends",37.7,33.2,"MO",4.5,7.24203,NA
"413",694,11,14,"Stranger Creek Bend",35,33.3,"MO",1.7,2.735878,NA
"478",468,14,12,"Howard Bend",37.5,34.2,"MO",3.3,5.310822,NA
"414",695,11,15,"Linwood Bend",37.5,35.1,"MO",2.4,3.862416,NA
"415",696,11,16,"Weaver Bend",40.4,37.6,"MO",2.8,4.506152,NA
"479",469,14,13,"Bonhomme Bends",38.9,37.6,"MO",1.3,2.092142,NA
"480",470,14,14,"Bonhomme Bends",40.7,39,"MO",1.7,2.735878,NA
"416",697,11,17,"Eudora Bend",43.5,40.5,"MO",3,4.82802,NA
"481",471,14,15,"Weldon Springs Bend",43.8,40.8,"MO",3,4.82802,NA
"417",698,11,18,"Fall Leaf Bend",44.6,43.6,"MO",1,1.60934,NA
"482",472,14,16,"Monarch Bend",45.2,43.9,"MO",1.3,2.09214200000001,NA
"418",699,11,19,"Guthrie Bend",45.6,44.7,"MO",0.899999999999999,1.448406,NA
"483",473,14,17,"Doziers Bend",48.5,45.3,"MO",3.2,5.149888,NA
"419",700,11,20,"Alexander Bend",46.8,45.7,"MO",1.09999999999999,1.77027399999999,NA
"420",701,11,21,"Mud Creek Bend",47.8,46.9,"MO",0.899999999999999,1.448406,NA
"421",702,11,22,"Lawrence Bend",52.1,47.9,"MO",4.2,6.759228,NA
"484",474,14,18,"Centaur Bends",49.9,48.6,"MO",1.3,2.092142,NA
"485",475,14,19,"Centaur Bends",51.3,50,"MO",1.3,2.092142,NA
"486",476,14,20,"St. Albans Bend",54.3,51.4,"MO",2.9,4.667086,NA
"487",477,14,21,"Augusta Bend",56.6,54.4,"MO",2.2,3.540548,NA
"488",478,14,22,"Hinkles Bends",58.7,56.7,"MO",2,3.21868,NA
"489",479,14,23,"Hinkles Bends",60.4,58.8,"MO",1.6,2.574944,NA
"490",480,14,24,"Boles Bend",64.9,60.5,"MO",4.40000000000001,7.08109600000001,NA
"491",481,14,25,"South Point Bend",66.9,65,"MO",1.90000000000001,3.05774600000001,NA
"492",482,14,26,"Washington Bend",69.8,67,"MO",2.8,4.506152,NA
"493",483,14,27,"Marthasville Bend",74.5,69.9,"MO",4.59999999999999,7.40296399999999,NA
"494",484,14,28,"Dundee Bends",77,74.6,"MO",2.40000000000001,3.86241600000001,NA
"495",485,14,29,"Dundee Bends",78,77.1,"MO",0.900000000000006,1.44840600000001,NA
"496",486,14,30,"New Haven Bends",79.9,78.1,"MO",1.80000000000001,2.89681200000002,NA
"497",487,14,31,"New Haven Bends",80.9,80,"MO",0.900000000000006,1.44840600000001,NA
"498",488,14,32,"New Haven Bends",82.8,81,"MO",1.8,2.896812,NA
"499",489,14,33,"Pinckney Bend",85.4,82.9,"MO",2.5,4.02335,NA
"500",490,14,34,"Bernheimer Bends",86.7,85.5,"MO",1.2,1.931208,NA
"501",491,14,35,"Bernheimer Bends",88.2,86.8,"MO",1.40000000000001,2.25307600000001,NA
"502",492,14,36,"Bernheimer Bends",89.8,88.3,"MO",1.5,2.41401,NA
"503",493,14,37,"Berger Bend",91.6,89.9,"MO",1.69999999999999,2.73587799999998,NA
"504",494,14,38,"Bates Island Bend",94.1,91.7,"MO",2.39999999999999,3.86241599999999,NA
"505",495,14,39,"Herman Bends",95.4,94.2,"MO",1.2,1.931208,NA
"506",496,14,40,"Herman Bends",96.8,95.5,"MO",1.3,2.092142,NA
"507",497,14,41,"Herman Bends",98.3,96.9,"MO",1.39999999999999,2.25307599999999,NA
"508",498,14,42,"Herman Bends",99.9,98.4,"MO",1.5,2.41401,NA
"509",499,14,43,"McGirks Island Reach",103.3,100,"MO",3.3,5.310822,NA
"510",500,14,44,"Gasconade River Bend",105.1,103.4,"MO",1.69999999999999,2.73587799999998,NA
"511",501,14,45,"Straubs Bends",106.3,105.2,"MO",1.09999999999999,1.77027399999999,NA
"512",502,14,46,"Straubs Bends",107.9,106.4,"MO",1.5,2.41401,NA
"513",503,14,47,"Bluffton Bend",110.2,108,"MO",2.2,3.540548,NA
"514",504,14,48,"Morrison Bend",112.1,110.3,"MO",1.8,2.896812,NA
"515",505,14,49,"Portland Bend",116.1,112.2,"MO",3.89999999999999,6.27642599999999,NA
"516",506,14,50,"Chamois Bend",118.3,116.2,"MO",2.09999999999999,3.37961399999999,NA
"517",507,14,51,"Auxvasse Bends",120.8,118.4,"MO",2.39999999999999,3.86241599999999,NA
"518",508,14,52,"Auxvasse Bends",122.3,120.9,"MO",1.39999999999999,2.25307599999999,NA
"519",509,14,53,"St Aubert Bend",125,122.4,"MO",2.59999999999999,4.18428399999999,NA
"520",510,14,54,"Isbell Bends",127,125.1,"MO",1.90000000000001,3.05774600000001,NA
"521",511,14,55,"Isbell Bends",128.5,127.1,"MO",1.40000000000001,2.25307600000001,NA
"522",512,14,56,"Osage River Bend",130.2,128.6,"MO",1.59999999999999,2.57494399999999,NA
"422",412,13,1,"Cote Sans Dessein Bend",132.6,130.3,"MO",2.29999999999998,3.70148199999997,NA
"423",413,13,2,"Rising Creek Bends",134.7,132.7,"MO",2,3.21868,NA
"424",414,13,3,"Rising Creek Bends",135.9,134.8,"MO",1.09999999999999,1.77027399999999,NA
"425",415,13,4,"Rising Creek Bends",137.6,136,"MO",1.59999999999999,2.57494399999999,NA
"426",416,13,5,"Rising Creek Bends",138.9,137.7,"MO",1.20000000000002,1.93120800000003,NA
"427",417,13,6,"Rising Creek Bends",142,139,"MO",3,4.82802,NA
"428",418,13,7,"Jefferson City Reach",143.5,142.1,"MO",1.40000000000001,2.25307600000001,NA
"429",419,13,8,"Jefferson City Reach",146,143.6,"MO",2.40000000000001,3.86241600000001,NA
"430",420,13,9,"Murrays Bend",149.5,146.1,"MO",3.40000000000001,5.47175600000001,NA
"431",421,13,10,"Stanley Bend",151.6,149.6,"MO",2,3.21868,NA
"432",422,13,11,"Burlington Bend",154.8,151.7,"MO",3.10000000000002,4.98895400000004,NA
"433",423,13,12,"Marion Bend",158.7,154.9,"MO",3.79999999999998,6.11549199999997,NA
"434",424,13,13,"Eureka Bend",162.3,158.8,"MO",3.5,5.63269,NA
"435",425,13,14,"Sandy Hook Bend",166.8,162.4,"MO",4.40000000000001,7.08109600000001,NA
"436",426,13,15,"Providence Bend",171.3,166.9,"MO",4.40000000000001,7.08109600000001,NA
"437",427,13,16,"Plow Boy Bend",174.4,171.4,"MO",3,4.82802,NA
"438",428,13,17,"Lupus Bend",176.6,174.5,"MO",2.09999999999999,3.37961399999999,NA
"439",429,13,18,"McBaine Bend",178.4,176.7,"MO",1.70000000000002,2.73587800000003,NA
"440",430,13,19,"Searcy's Bend",180.3,178.5,"MO",1.80000000000001,2.89681200000002,NA
"441",431,13,20,"Rocheport Bends",181.7,180.4,"MO",1.29999999999998,2.09214199999997,NA
"442",432,13,21,"Rocheport Bends",183.3,181.8,"MO",1.5,2.41401,NA
"443",433,13,22,"Rocheport Bends",184.8,183.4,"MO",1.40000000000001,2.25307600000001,NA
"444",434,13,23,"Rocheport Bends",186.9,184.9,"MO",2,3.21868,NA
"445",435,13,24,"Diana Bends",189.1,187,"MO",2.09999999999999,3.37961399999999,NA
"446",436,13,25,"Diana Bend",191.9,189.2,"MO",2.70000000000002,4.34521800000003,NA
"447",437,13,26,"Franklin Island Reach",193.8,192,"MO",1.80000000000001,2.89681200000002,NA
"448",438,13,27,"Franklin Bend",197.2,193.9,"MO",3.29999999999998,5.31082199999997,NA
"449",439,13,28,"Booneville Bends",199.6,197.3,"MO",2.29999999999998,3.70148199999997,NA
"450",440,13,29,"Booneville Bends",201.2,199.7,"MO",1.5,2.41401,NA
"451",441,13,30,"Lamine River Bend",203.8,201.3,"MO",2.5,4.02335,NA
"452",442,13,31,"Slaughterhouse Bend",205.5,203.9,"MO",1.59999999999999,2.57494399999999,NA
"453",443,13,32,"Robinson Bends",207.3,205.6,"MO",1.70000000000002,2.73587800000003,NA
"454",444,13,33,"Robinson Bends",209.3,207.4,"MO",1.90000000000001,3.05774600000001,NA
"455",445,13,34,"Arrow Rock Bend",211,209.4,"MO",1.59999999999999,2.57494399999999,NA
"456",446,13,35,"Salt Creek Bend",214,211.1,"MO",2.90000000000001,4.66708600000001,NA
"457",447,13,36,"Saline City Bend",217.5,214.1,"MO",3.40000000000001,5.47175600000001,NA
"458",448,13,37,"Euphrase Bend",220.1,217.6,"MO",2.5,4.02335,NA
"459",449,13,38,"Fish Creek Bend",222.5,220.2,"MO",2.30000000000001,3.70148200000002,NA
"460",450,13,39,"Glasgow Bend",228.3,222.6,"MO",5.70000000000002,9.17323800000003,NA
"461",451,13,40,"Cambridge Bend",232.3,228.4,"MO",3.90000000000001,6.27642600000001,NA
"462",452,13,41,"Wilhoite Bend",234.4,232.4,"MO",2,3.21868,NA
"463",453,13,42,"Gilliam Bend",236.9,234.5,"MO",2.40000000000001,3.86241600000001,NA
"464",454,13,43,"Little Missouri Bend",239.6,237,"MO",2.59999999999999,4.18428399999999,NA
"465",455,13,44,"Bushwhacker Bend",246.3,239.7,"MO",6.60000000000002,10.621644,NA
"466",456,13,45,"Grand River Bend",250.3,246.4,"MO",3.90000000000001,6.27642600000001,NA
"375",373,10,1,"Brunswick Bend",253.3,250.4,"MO",2.90000000000001,4.66708600000001,NA
"376",374,10,2,"Dewitt Bend",257.3,253.4,"MO",3.90000000000001,6.27642600000001,NA
"377",375,10,3,"Lower Miami Bend",260.3,257.4,"MO",2.90000000000003,4.66708600000005,NA
"378",376,10,4,"Middle Miami Bend",261.4,260.4,"MO",1,1.60934,NA
"379",377,10,5,"Upper Miami Bend",263.6,261.5,"MO",2.10000000000002,3.37961400000004,NA
"380",378,10,6,"Thomas Bend",265.1,263.7,"MO",1.40000000000003,2.25307600000005,NA
"381",379,10,7,"Teteseau Bend",267.2,265.2,"MO",2,3.21868,NA
"382",380,10,8,"Prunty Bend",271.9,267.3,"MO",4.59999999999997,7.40296399999994,NA
"383",381,10,9,"Malta Bends (Lower)",274.2,272,"MO",2.19999999999999,3.54054799999998,NA
"384",382,10,10,"Malta Bends (Upper)",275.7,274.3,"MO",1.39999999999998,2.25307599999996,NA
"385",383,10,11,"Tamerlane Bend",279.9,275.8,"MO",4.09999999999997,6.59829399999995,NA
"386",384,10,12,"Hills Bend",282.4,280,"MO",2.39999999999998,3.86241599999996,NA
"387",385,10,13,"Cranberry Bend",285,282.5,"MO",2.5,4.02335,NA
"388",386,10,14,"Bakers bend",290.2,285.1,"MO",5.09999999999997,8.20763399999995,NA
"389",387,10,15,"Waverly bend",296.6,290.3,"MO",6.30000000000001,10.138842,NA
"390",388,10,16,"Moberly bend",299.6,296.7,"MO",2.90000000000003,4.66708600000005,NA
"391",389,10,17,"Hodge bend",301.5,299.7,"MO",1.80000000000001,2.89681200000002,NA
"392",390,10,18,"Baltimore bend",304.6,301.6,"MO",3,4.82802,NA
"393",391,10,19,"Berun bend",307.3,304.7,"MO",2.60000000000002,4.18428400000004,NA
"394",392,10,20,"Tabo bend",309.6,307.4,"MO",2.20000000000005,3.54054800000007,NA
"395",393,10,21,"Sheep Nose bend",311.5,309.7,"MO",1.80000000000001,2.89681200000002,NA
"396",394,10,22,"Lexington bend",318,311.6,"MO",6.39999999999998,10.299776,NA
"397",395,10,23,"Bootlegger bend",319.5,318.1,"MO",1.39999999999998,2.25307599999996,NA
"398",396,10,24,"Sni bends (Lower)",321.5,319.6,"MO",1.89999999999998,3.05774599999996,NA
"399",397,10,25,"Sni bend (Upper)",324.2,321.6,"MO",2.59999999999997,4.18428399999994,NA
"361",398,10,26,"Camden bend",327,324.3,"MO",2.69999999999999,4.34521799999998,NA
"362",399,10,27,"Napoleon bend",332.3,327.1,"MO",5.19999999999999,8.36856799999998,NA
"363",400,10,28,"Fishing River bend",335.2,332.4,"MO",2.80000000000001,4.50615200000002,NA
"364",401,10,29,"Sibley bend",337.1,335.3,"MO",1.80000000000001,2.89681200000002,NA
"365",402,10,30,"Jackass bend",338.9,337.2,"MO",1.69999999999999,2.73587799999998,NA
"366",403,10,31,"Little Blue bend",340.4,339,"MO",1.39999999999998,2.25307599999996,NA
"367",404,10,32,"Cooley Lake bend",342.4,340.5,"MO",1.89999999999998,3.05774599999996,NA
"368",405,10,33,"Missouri City bends (Lower)",343.6,342.5,"MO",1.10000000000002,1.77027400000004,NA
"369",406,10,34,"Missouri City bends (Upper)",346.6,343.7,"MO",2.90000000000003,4.66708600000005,NA
"370",407,10,35,"Jacksons bend",351.3,346.7,"MO",4.60000000000002,7.40296400000004,NA
"371",408,10,36,"Liberty bend",354.1,351.4,"MO",2.70000000000005,4.34521800000007,NA
"372",409,10,37,"Big Blue bend",359.2,354.2,"MO",5,8.0467,NA
"373",410,10,38,"Randolph bend",363.3,359.3,"MO",4,6.43736,NA
"374",411,10,39,"Kansas River bend",368.9,363.4,"MO",5.5,8.85137,NA
"359",372,9,80,"Kaw Bend",371.9,369,"MO",2.89999999999998,4.66708599999996,NA
"358",371,9,79,"Quindaro Bend",375.4,372,"MO",3.39999999999998,5.47175599999996,NA
"357",370,9,78,"Parkville Bend",378.5,375.5,"MO",3,4.82802,NA
"356",369,9,77,"Pomeroy Bend",383.2,378.6,"MO",4.59999999999997,7.40296399999994,NA
"355",368,9,76,"Weavers Bend",385,383.3,"MO",1.69999999999999,2.73587799999998,NA
"354",367,9,75,"Pope Bend",388.7,385.1,"MO",3.59999999999997,5.79362399999995,NA
"353",366,9,74,"Delaware Bend",392.4,388.8,"MO",3.59999999999997,5.79362399999995,NA
"352",365,9,73,"Leavenworth Bend",397.1,392.5,"MO",4.60000000000002,7.40296400000004,NA
"351",364,9,72,"Leavenworth Reach",398.9,397.2,"MO",1.69999999999999,2.73587799999998,NA
"350",363,9,71,"Fort Bend",400.3,399,"MO",1.30000000000001,2.09214200000002,NA
"349",362,9,70,"Weston Bend",404.2,400.4,"MO",3.80000000000001,6.11549200000002,NA
"348",361,9,69,"Kickapoo Bend",407,404.3,"MO",2.69999999999999,4.34521799999998,NA
"347",360,9,68,"Lower Iatan Bend",408.4,407.1,"MO",1.29999999999995,2.09214199999993,NA
"346",359,9,67,"Middle Iatan Bend",410,408.5,"MO",1.5,2.41401,NA
"345",358,9,66,"Upper Iatan Bend",412.2,410.1,"MO",2.09999999999997,3.37961399999995,NA
"344",357,9,65,"Oak Mills Bend",415.8,412.3,"MO",3.5,5.63269,NA
"343",356,9,64,"Bean Lake Bend",417.9,415.9,"NE",2,3.21868,NA
"342",355,9,63,"Atchison Bend",425.3,418,"NE",7.30000000000001,11.748182,NA
"341",354,9,62,"Rushville Bend",429.1,425.4,"NE",3.70000000000005,5.95455800000007,NA
"340",353,9,61,"Doniphan Bend",431.5,429.2,"NE",2.30000000000001,3.70148200000002,NA
"339",352,9,60,"Geary Bends",435.2,431.6,"NE",3.59999999999997,5.79362399999995,NA
"338",351,9,59,"Kenmoor Bend",438.1,435.3,"NE",2.80000000000001,4.50615200000002,NA
"337",350,9,58,"Palermo Bend",443,438.2,"NE",4.80000000000001,7.72483200000002,NA
"336",349,9,57,"St. Joseph Bend",449.4,443.1,"NE",6.29999999999995,10.1388419999999,NA
"335",348,9,56,"Bon Ton Bend",451.7,449.5,"NE",2.19999999999999,3.54054799999998,NA
"334",347,9,55,"Amazonia Bend",454.9,451.8,"NE",3.09999999999997,4.98895399999995,NA
"333",346,9,54,"Burr Oak Band",458.8,455,"NE",3.80000000000001,6.11549200000002,NA
"332",345,9,53,"Mill Creek Bend",463,458.9,"NE",4.10000000000002,6.59829400000004,NA
"331",344,9,52,"Dallas Bends",467.1,463.1,"NE",4,6.43736,NA
"330",343,9,51,"Charleston Bend",469,467.2,"NE",1.80000000000001,2.89681200000002,NA
"329",342,9,50,"Mt. Vernon Bends",472.5,469.1,"NE",3.39999999999998,5.47175599999996,NA
"328",341,9,49,"Forbes Bends",477.7,472.6,"NE",5.09999999999997,8.20763399999995,NA
"327",340,9,48,"Wolf Creek Bend",480.9,477.8,"NE",3.09999999999997,4.98895399999995,NA
"326",339,9,47,"Tarkio Bend",483.4,481,"NE",2.39999999999998,3.86241599999996,NA
"325",338,9,46,"Iowa Point Bend",486,483.5,"NE",2.5,4.02335,NA
"324",337,9,45,"White Cloud Bends",489.8,486.1,"NE",3.69999999999999,5.95455799999998,NA
"323",336,9,44,"Squaw Bend",491.2,489.9,"NE",1.30000000000001,2.09214200000002,NA
"322",335,9,43,"Nemaha Bends",494.4,491.3,"NE",3.09999999999997,4.98895399999995,NA
"321",334,9,42,"Rulo Bend",498.6,494.5,"NE",4.10000000000002,6.59829400000004,NA
"320",333,9,41,"Lower Rush Bottom Bend",500.3,498.7,"NE",1.60000000000002,2.57494400000004,NA
"319",332,9,40,"Upper Rush Bottom Bend",501.8,500.4,"NE",1.40000000000003,2.25307600000005,NA
"318",331,9,39,"Lower Arago Bend",504.5,501.9,"NE",2.60000000000002,4.18428400000004,NA
"317",330,9,38,"Upper Arago Bend",506.9,504.6,"NE",2.29999999999995,3.70148199999993,NA
"316",329,9,37,"Lower Cottier Bend",508.4,507,"NE",1.39999999999998,2.25307599999996,NA
"315",328,9,36,"Upper Cottier Bend",512.5,508.5,"NE",4,6.43736,NA
"314",327,9,35,"Hemmies Bend",516,512.6,"NE",3.39999999999998,5.47175599999996,NA
"313",326,9,34,"Indian Cave Bend",517.6,516.1,"NE",1.5,2.41401,NA
"312",325,9,33,"Lower Deroin Bend",518.4,517.7,"NE",0.699999999999932,1.12653799999989,NA
"311",324,9,32,"Upper Deroin Bend",520.5,518.5,"NE",2,3.21868,NA
"310",323,9,31,"Lincoln Bend",522.4,520.6,"NE",1.79999999999995,2.89681199999993,NA
"309",322,9,30,"Lower Morgan Bend",523.9,522.5,"NE",1.39999999999998,2.25307599999996,NA
"308",321,9,29,"Upper Morgan Bend",526,524,"NE",2,3.21868,NA
"307",320,9,28,"Aspinwall Bend",529,526.1,"NE",2.89999999999998,4.66708599999996,NA
"306",319,9,27,"Langdon Bend",531.7,529.1,"NE",2.60000000000002,4.18428400000004,NA
"305",318,9,26,"Lower Brownville Bend",533.5,531.8,"NE",1.70000000000005,2.73587800000007,NA
"304",317,9,25,"Upper Brownville Bend",534.7,533.6,"NE",1.10000000000002,1.77027400000004,NA
"303",316,9,24,"Lower Sonara Bend",536.9,534.8,"NE",2.10000000000002,3.37961400000004,NA
"302",315,9,23,"Upper Sonara Bend",539.8,537,"NE",2.79999999999995,4.50615199999993,NA
"301",314,9,22,"Peru Bend",542,539.9,"NE",2.10000000000002,3.37961400000004,NA
"300",313,9,21,"Nishnabotna Bend",543.3,542.1,"NE",1.19999999999993,1.93120799999989,NA
"299",312,9,20,"Lower Kansas Bend",544.7,543.4,"NE",1.30000000000007,2.09214200000011,NA
"298",311,9,19,"Upper Kansas Bend",546.2,544.8,"NE",1.40000000000009,2.25307600000015,NA
"297",310,9,18,"Lower Barney Bend",549.6,546.3,"NE",3.30000000000007,5.31082200000011,NA
"296",309,9,17,"Upper Barney Bend",550.4,549.7,"NE",0.699999999999932,1.12653799999989,NA
"295",308,9,16,"Lower Hamburg Bend",553,550.5,"NE",2.5,4.02335,NA
"294",307,9,15,"Upper Hamburg Bend",554.9,553.1,"NE",1.79999999999995,2.89681199999993,NA
"293",306,9,14,"Otoe Bend",557,555,"NE",2,3.21868,NA
"292",305,9,13,"Frazers Bend",559.7,557.1,"NE",2.60000000000002,4.18428400000004,NA
"291",304,9,12,"Nebraska Bend",563,559.8,"NE",3.20000000000005,5.14988800000007,NA
"290",303,9,11,"Lower Copeland Bend",565,563.1,"NE",1.89999999999998,3.05774599999996,NA
"289",302,9,10,"Upper Copeland Bend",569.8,565.1,"NE",4.69999999999993,7.56389799999989,NA
"288",301,9,9,"Lower Civial Bend",572.5,569.9,"NE",2.60000000000002,4.18428400000004,NA
"287",300,9,8,"Upper Civil Bend",574.6,572.6,"NE",2,3.21868,NA
"286",299,9,7,"Van Horns Bend",576.4,574.7,"NE",1.69999999999993,2.73587799999989,NA
"285",298,9,6,"Pin Hook Bend",578.8,576.5,"NE",2.29999999999995,3.70148199999993,NA
"284",297,9,5,"Calumet Bartlett Bend",582.7,578.9,"NE",3.80000000000007,6.11549200000011,NA
"283",296,9,4,"Rock Bluff Bend",586,582.8,"NE",3.20000000000005,5.14988800000007,NA
"282",295,9,3,"Tobacco Bend",589,586.1,"NE",2.89999999999998,4.66708599999996,NA
"281",294,9,2,"Lower Plattsmouth Bend",591.7,589.1,"NE",2.60000000000002,4.18428400000004,NA
"280",293,9,1,"Upper Plattsmouth Bend",595,591.8,"NE",3.20000000000005,5.14988800000007,NA
"279",292,8,61,"Papillion Bend",596,595.1,"NE",0.899999999999977,1.44840599999996,NA
"278",291,8,60,"St. Mary's Cut-off",598,596.1,"NE",1.89999999999998,3.05774599999996,NA
"277",290,8,59,"Lower Bellevue Reach",599.3,598.1,"NE",1.19999999999993,1.93120799999989,NA
"276",289,8,58,"Upper Bellevue Reach",600.8,599.4,"NE",1.39999999999998,2.25307599999996,NA
"275",288,8,57,"Bellevue Bend",604.5,600.9,"NE",3.60000000000002,5.79362400000004,NA
"274",287,8,56,"Manawa Bend",608.8,604.6,"NE",4.19999999999993,6.75922799999989,NA
"273",286,8,55,"Gibson Bend",612.8,608.9,"NE",3.89999999999998,6.27642599999996,NA
"272",285,8,54,"Omaha Bend",614.6,612.9,"NE",1.70000000000005,2.73587800000007,NA
"271",284,8,53,"Council Bend",617.5,614.7,"NE",2.79999999999995,4.50615199999993,NA
"270",283,8,52,"The Narrows",622.8,617.6,"NE",5.19999999999993,8.36856799999989,NA
"269",282,8,51,"Florence Bend",627.8,622.9,"NE",4.89999999999998,7.88576599999996,NA
"268",281,8,50,"Lower Pigeon Creek Bend",629.7,627.9,"NE",1.80000000000007,2.89681200000011,NA
"267",280,8,49,"Upper Pigeon Creek Bend",631.1,629.8,"NE",1.30000000000007,2.09214200000011,NA
"266",279,8,48,"Lower Rockport Bend",632.5,631.2,"NE",1.29999999999995,2.09214199999993,NA
"265",278,8,47,"Upper Rockport Bend",634.1,632.6,"NE",1.5,2.41401,NA
"264",277,8,46,"Boyer Bend",637.1,634.2,"NE",2.89999999999998,4.66708599999996,NA
"263",276,8,45,"Lower Calhoun Bend",638.5,637.2,"NE",1.29999999999995,2.09214199999993,NA
"262",275,8,44,"Middle Calhoun Bend",639.8,638.6,"NE",1.19999999999993,1.93120799999989,NA
"261",274,8,43,"Upper Calhoun Bend",642,639.9,"NE",2.10000000000002,3.37961400000004,NA
"260",273,8,42,"Desoto Cut-off",644.5,642.1,"NE",2.39999999999998,3.86241599999996,NA
"259",272,8,41,"Blair-Desoto Bend",649.1,644.6,"NE",4.5,7.24203,NA
"258",271,8,40,"California Cut-off",651.7,649.2,"NE",2.5,4.02335,NA
"257",270,8,39,"Tysons Bend",654.8,651.8,"NE",3,4.82802,NA
"256",269,8,38,"Sandy Point Bend",657.8,654.9,"NE",2.89999999999998,4.66708599999996,NA
"255",268,8,37,"Peterson Cut-off",660.8,657.9,"NE",2.89999999999998,4.66708599999996,NA
"254",267,8,36,"Soldier Bend",663.1,660.9,"NE",2.20000000000005,3.54054800000007,NA
"253",266,8,35,"Bullard Bend",666.5,663.2,"NE",3.29999999999995,5.31082199999993,NA
"252",265,8,34,"Little Sioux Bend",670.4,666.6,"NE",3.79999999999995,6.11549199999993,NA
"251",264,8,33,"Lower Little Sioux Reach",672.8,670.5,"NE",2.29999999999995,3.70148199999993,NA
"250",263,8,32,"Middle Little Sioux Reach",675,672.9,"NE",2.10000000000002,3.37961400000004,NA
"249",262,8,31,"Upper Little Sioux Reach",676.7,675.1,"NE",1.60000000000002,2.57494400000004,NA
"248",261,8,30,"Lower Blencoe Bend",677.9,676.8,"NE",1.10000000000002,1.77027400000004,NA
"247",260,8,29,"Middle Blencoe Bend",679.9,678,"NE",1.89999999999998,3.05774599999996,NA
"246",259,8,28,"Upper Blencoe Bend",681.2,680,"NE",1.20000000000005,1.93120800000007,NA
"245",258,8,27,"Lower Louisville Bend",683.3,681.3,"NE",2,3.21868,NA
"244",257,8,26,"Upper Louisville Bend",686,683.4,"NE",2.60000000000002,4.18428400000004,NA
"243",256,8,25,"Lower Decatur Bend",687.4,686.1,"NE",1.29999999999995,2.09214199999993,NA
"242",255,8,24,"Middle Decatur Bend",689,687.5,"NE",1.5,2.41401,NA
"241",254,8,23,"Upper Decatur Bend",691.4,689.1,"NE",2.29999999999995,3.70148199999993,NA
"240",253,8,22,"Tieville Bend",693.6,691.5,"NE",2.10000000000002,3.37961400000004,NA
"239",252,8,21,"Blackbird Bend",697.5,693.7,"NE",3.79999999999995,6.11549199999993,NA
"238",251,8,20,"Lower Monona Bend",700.9,697.6,"NE",3.29999999999995,5.31082199999993,NA
"237",250,8,19,"Upper Monona Bend",702.6,701,"NE",1.60000000000002,2.57494400000004,NA
"236",249,8,18,"Lower Omaha Mission Bend",704,702.7,"NE",1.29999999999995,2.09214199999993,NA
"235",248,8,17,"Middle Omaha Mission Bend",706.3,704.1,"NE",2.19999999999993,3.54054799999989,NA
"234",247,8,16,"Upper Omaha Mission Bend",708,706.4,"NE",1.60000000000002,2.57494400000004,NA
"233",246,8,15,"Winnebago Bend",710.8,708.1,"NE",2.69999999999993,4.34521799999989,NA
"232",245,8,14,"Glovers Point Bend",713.8,710.9,"NE",2.89999999999998,4.66708599999996,NA
"231",244,8,13,"Snyder Bend",716.2,713.9,"NE",2.30000000000007,3.70148200000011,NA
"230",243,8,12,"Browers Bend",718.6,716.3,"NE",2.30000000000007,3.70148200000011,NA
"229",242,8,11,"Omadi Bend",722,718.7,"NE",3.29999999999995,5.31082199999993,NA
"228",241,8,10,"Lower Dakota Bend",723.4,722.1,"NE",1.29999999999995,2.09214199999993,NA
"227",240,8,9,"Upper Dakota Bend",726.2,723.5,"NE",2.70000000000005,4.34521800000007,NA
"226",239,8,8,"Floyd Bend",732,726.3,"NE",5.70000000000005,9.17323800000007,NA
"225",238,8,7,"Lower Sioux City Bend",732.8,732.1,"NE",0.699999999999932,1.12653799999989,NA
"224",237,8,6,"Upper Sioux City Bend",734.7,732.9,"NE",1.80000000000007,2.89681200000011,NA
"223",236,8,5,"Big Sioux Bend",738.4,734.8,"NE",3.60000000000002,5.79362400000004,NA
"222",235,8,4,"McCook Lake Bend",742.4,738.5,"NE",3.89999999999998,6.27642599999996,NA
"221",234,8,3,"Kenslers Bend",747,742.5,"NE",4.5,7.24203,NA
"220",233,8,2,"Miners Bend",750.1,747.1,"NE",3,4.82802,NA
"219",232,8,1,"Lower Ponca Bend",753,750.2,"NE",2.79999999999995,4.50615199999993,NA
"217",557,7,33,NA,754,753.1,"SD",0.899999999999977,1.44840599999996,NA
"216",554,7,32,NA,755.5,754.1,"SD",1.39999999999998,2.25307599999996,NA
"215",553,7,31,NA,756,755.6,"SD",0.399999999999977,0.643735999999963,NA
"214",552,7,30,NA,757.5,756.1,"SD",1.39999999999998,2.25307599999996,NA
"213",551,7,29,NA,760,757.6,"SD",2.39999999999998,3.86241599999996,NA
"212",550,7,28,NA,761,760.1,"SD",0.899999999999977,1.44840599999996,NA
"211",549,7,27,NA,762,761.1,"SD",0.899999999999977,1.44840599999996,NA
"210",548,7,26,NA,763.5,762.1,"SD",1.39999999999998,2.25307599999996,NA
"209",547,7,25,NA,764.5,763.6,"SD",0.899999999999977,1.44840599999996,NA
"208",546,7,24,NA,767,764.6,"SD",2.39999999999998,3.86241599999996,NA
"207",545,7,23,NA,769,767.1,"SD",1.89999999999998,3.05774599999996,NA
"206",544,7,22,NA,770,769.1,"SD",0.899999999999977,1.44840599999996,NA
"205",543,7,21,NA,772.5,770.1,"SD",2.39999999999998,3.86241599999996,NA
"204",542,7,20,NA,773.5,772.6,"SD",0.899999999999977,1.44840599999996,NA
"203",541,7,19,NA,774,773.6,"SD",0.399999999999977,0.643735999999963,NA
"202",540,7,18,NA,775.5,774.1,"SD",1.39999999999998,2.25307599999996,NA
"201",539,7,17,NA,777.5,775.6,"SD",1.89999999999998,3.05774599999996,NA
"200",538,7,16,NA,779.5,777.6,"SD",1.89999999999998,3.05774599999996,NA
"218",558,7,34,NA,779,778.9,"SD",0.100000000000023,0.160934000000037,NA
"199",537,7,15,NA,782.5,779.6,"SD",2.89999999999998,4.66708599999996,NA
"198",535,7,14,NA,787.5,782.6,"SD",4.89999999999998,7.88576599999996,NA
"197",534,7,13,NA,789,787.6,"SD",1.39999999999998,2.25307599999996,NA
"196",533,7,12,NA,793,789.1,"SD",3.89999999999998,6.27642599999996,NA
"195",532,7,11,NA,795,793.1,"SD",1.89999999999998,3.05774599999996,NA
"194",531,7,10,NA,796.5,795.1,"SD",1.39999999999998,2.25307599999996,NA
"193",530,7,9,NA,797.5,796.6,"SD",0.899999999999977,1.44840599999996,NA
"192",529,7,8,NA,799.5,797.6,"SD",1.89999999999998,3.05774599999996,NA
"191",528,7,7,NA,801,799.6,"SD",1.39999999999998,2.25307599999996,NA
"190",527,7,6,NA,801.5,801.1,"SD",0.399999999999977,0.643735999999963,NA
"189",526,7,5,NA,803.5,801.6,"SD",1.89999999999998,3.05774599999996,NA
"188",525,7,4,NA,805.5,803.6,"SD",1.89999999999998,3.05774599999996,NA
"187",524,7,3,NA,807.5,805.6,"SD",1.89999999999998,3.05774599999996,NA
"186",523,7,2,NA,809.9,807.6,"SD",2.29999999999995,3.70148199999993,NA
"185",522,7,1,NA,811,810,"SD",1,1.60934,NA
"184",231,6,11,NA,828.5,825,"SD",3.5,5.63269,NA
"183",230,6,10,NA,829.5,828.6,"SD",0.899999999999977,1.44840599999996,NA
"182",229,6,9,NA,830.5,829.6,"SD",0.899999999999977,1.44840599999996,NA
"181",228,6,8,NA,832.5,830.6,"SD",1.89999999999998,3.05774599999996,NA
"180",227,6,7,NA,834.9,832.6,"SD",2.29999999999995,3.70148199999993,NA
"179",226,6,6,NA,836.9,835,"SD",1.89999999999998,3.05774599999996,NA
"178",225,6,5,NA,840.3,837,"SD",3.29999999999995,5.31082199999993,NA
"177",224,6,4,NA,841.2,840.4,"SD",0.800000000000068,1.28747200000011,NA
"176",223,6,3,NA,842.5,841.3,"SD",1.20000000000005,1.93120800000007,NA
"175",222,6,2,NA,843.2,842.6,"SD",0.600000000000023,0.965604000000037,NA
"174",221,6,1,NA,844,843.3,"SD",0.700000000000045,1.12653800000007,NA
"173",220,5,17,NA,845.5,844.1,"SD",1.39999999999998,2.25307599999996,NA
"172",219,5,16,NA,847.9,845.6,"SD",2.29999999999995,3.70148199999993,NA
"171",218,5,15,NA,849.5,848,"SD",1.5,2.41401,NA
"170",217,5,14,NA,851,849.6,"SD",1.39999999999998,2.25307599999996,NA
"169",216,5,13,NA,851.7,851.1,"SD",0.600000000000023,0.965604000000037,NA
"168",215,5,12,NA,853,851.8,"SD",1.20000000000005,1.93120800000007,NA
"167",214,5,11,NA,861.5,853.1,"SD",8.39999999999998,13.518456,NA
"166",213,5,10,NA,863.2,861.6,"SD",1.60000000000002,2.57494400000004,NA
"165",212,5,9,NA,864.4,863.3,"SD",1.10000000000002,1.77027400000004,NA
"164",211,5,8,NA,865.7,864.5,"SD",1.20000000000005,1.93120800000007,NA
"163",210,5,7,NA,869.2,865.8,"SD",3.40000000000009,5.47175600000015,NA
"162",209,5,6,NA,870.7,869.3,"SD",1.40000000000009,2.25307600000015,NA
"161",208,5,5,NA,871.9,870.8,"SD",1.10000000000002,1.77027400000004,NA
"160",207,5,4,NA,873.2,872,"SD",1.20000000000005,1.93120800000007,NA
"159",206,5,3,NA,875.7,873.3,"SD",2.40000000000009,3.86241600000015,NA
"158",205,5,2,NA,878.9,875.8,"SD",3.10000000000002,4.98895400000004,NA
"157",204,5,1,NA,880,879,"SD",1,1.60934,NA
"156",203,4,24,NA,1534,1530,"ND",4,6.43736,NA
"155",202,4,23,NA,1538.8,1534.1,"ND",4.70000000000005,7.56389800000007,NA
"154",201,4,22,NA,1540.2,1538.9,"ND",1.29999999999995,2.09214199999993,NA
"153",200,4,21,NA,1541.2,1540.3,"ND",0.900000000000091,1.44840600000015,NA
"152",199,4,20,NA,1544.5,1541.3,"ND",3.20000000000005,5.14988800000007,NA
"151",198,4,19,NA,1548.3,1544.6,"ND",3.70000000000005,5.95455800000007,NA
"150",197,4,18,NA,1549.2,1548.4,"ND",0.799999999999955,1.28747199999993,NA
"149",196,4,17,NA,1551.3,1549.3,"ND",2,3.21868,NA
"148",195,4,16,NA,1553.1,1551.4,"ND",1.69999999999982,2.73587799999971,NA
"147",194,4,15,NA,1555.8,1553.2,"ND",2.59999999999991,4.18428399999985,NA
"146",193,4,14,NA,1558,1555.9,"ND",2.09999999999991,3.37961399999985,NA
"145",192,4,13,NA,1560.3,1558.1,"ND",2.20000000000005,3.54054800000007,NA
"144",191,4,12,NA,1562.3,1560.4,"ND",1.89999999999986,3.05774599999978,NA
"143",190,4,11,NA,1563.2,1562.4,"ND",0.799999999999955,1.28747199999993,NA
"142",189,4,10,NA,1565.5,1563.3,"ND",2.20000000000005,3.54054800000007,NA
"141",188,4,9,NA,1567.2,1565.6,"ND",1.60000000000014,2.57494400000022,NA
"140",187,4,8,NA,1569.1,1567.3,"ND",1.79999999999995,2.89681199999993,NA
"139",186,4,7,NA,1574.2,1569.2,"ND",5,8.0467,NA
"138",185,4,6,NA,1574.9,1574.3,"ND",0.600000000000136,0.96560400000022,NA
"137",184,4,5,NA,1575.8,1575,"ND",0.799999999999955,1.28747199999993,NA
"136",183,4,4,NA,1577,1575.9,"ND",1.09999999999991,1.77027399999985,NA
"135",182,4,3,NA,1578.6,1577.1,"ND",1.5,2.41401,NA
"134",181,4,2,NA,1580.8,1578.7,"ND",2.09999999999991,3.37961399999985,NA
"133",180,4,1,NA,1582.1,1580.9,"ND",1.19999999999982,1.93120799999971,NA
"132",179,3,91,NA,1583.5,1582.2,"ND",1.29999999999995,2.09214199999993,NA
"131",178,3,90,NA,1585.5,1583.6,"ND",1.90000000000009,3.05774600000015,NA
"130",177,3,89,NA,1587,1585.6,"MT",1.40000000000009,2.25307600000015,NA
"129",176,3,88,NA,1588.5,1587.1,"MT",1.40000000000009,2.25307600000015,NA
"128",175,3,87,NA,1589.5,1588.6,"MT",0.900000000000091,1.44840600000015,NA
"127",174,3,86,NA,1590.5,1589.6,"MT",0.900000000000091,1.44840600000015,NA
"126",173,3,85,NA,1591,1590.6,"MT",0.400000000000091,0.643736000000146,NA
"125",172,3,84,NA,1592,1591.1,"MT",0.900000000000091,1.44840600000015,NA
"124",171,3,83,NA,1593,1592.1,"MT",0.900000000000091,1.44840600000015,NA
"123",170,3,82,NA,1594,1593.1,"MT",0.900000000000091,1.44840600000015,NA
"122",169,3,81,NA,1595,1594.1,"MT",0.900000000000091,1.44840600000015,NA
"121",168,3,80,NA,1596,1595.1,"MT",0.900000000000091,1.44840600000015,NA
"120",167,3,79,NA,1597.5,1596.1,"MT",1.40000000000009,2.25307600000015,NA
"119",166,3,78,NA,1598.5,1597.6,"MT",0.900000000000091,1.44840600000015,NA
"118",165,3,77,NA,1603,1598.6,"MT",4.40000000000009,7.08109600000015,NA
"117",164,3,76,NA,1604.5,1603.1,"MT",1.40000000000009,2.25307600000015,NA
"116",163,3,75,NA,1606.5,1604.6,"MT",1.90000000000009,3.05774600000015,NA
"115",162,3,74,NA,1608.5,1606.6,"MT",1.90000000000009,3.05774600000015,NA
"114",161,3,73,NA,1610,1608.6,"MT",1.40000000000009,2.25307600000015,NA
"113",160,3,72,NA,1611,1610.1,"MT",0.900000000000091,1.44840600000015,NA
"112",159,3,71,NA,1612,1611.1,"MT",0.900000000000091,1.44840600000015,NA
"111",158,3,70,NA,1613.5,1612.1,"MT",1.40000000000009,2.25307600000015,NA
"110",157,3,69,NA,1615,1613.6,"MT",1.40000000000009,2.25307600000015,NA
"109",156,3,68,NA,1616.5,1615.1,"MT",1.40000000000009,2.25307600000015,NA
"108",155,3,67,NA,1617.5,1616.6,"MT",0.900000000000091,1.44840600000015,NA
"107",154,3,66,NA,1618.5,1617.6,"MT",0.900000000000091,1.44840600000015,NA
"106",153,3,65,NA,1619.5,1618.6,"MT",0.900000000000091,1.44840600000015,NA
"105",152,3,64,NA,1620.5,1619.6,"MT",0.900000000000091,1.44840600000015,NA
"104",151,3,63,NA,1622,1620.6,"MT",1.40000000000009,2.25307600000015,NA
"103",150,3,62,NA,1623,1622.1,"MT",0.900000000000091,1.44840600000015,NA
"102",149,3,61,NA,1624,1623.1,"MT",0.900000000000091,1.44840600000015,NA
"101",148,3,60,NA,1625.5,1624.1,"MT",1.40000000000009,2.25307600000015,NA
"100",147,3,59,NA,1627,1625.6,"MT",1.40000000000009,2.25307600000015,NA
"99",146,3,58,NA,1628.5,1627.1,"MT",1.40000000000009,2.25307600000015,NA
"98",145,3,57,NA,1629.5,1628.6,"MT",0.900000000000091,1.44840600000015,NA
"97",144,3,56,NA,1630.5,1629.6,"MT",0.900000000000091,1.44840600000015,NA
"96",143,3,55,NA,1631.5,1630.6,"MT",0.900000000000091,1.44840600000015,NA
"95",142,3,54,NA,1632.5,1631.6,"MT",0.900000000000091,1.44840600000015,NA
"94",141,3,53,NA,1633.5,1632.6,"MT",0.900000000000091,1.44840600000015,NA
"93",140,3,52,NA,1634.5,1633.6,"MT",0.900000000000091,1.44840600000015,NA
"92",139,3,51,NA,1635.5,1634.6,"MT",0.900000000000091,1.44840600000015,NA
"91",138,3,50,NA,1636.5,1635.6,"MT",0.900000000000091,1.44840600000015,NA
"90",137,3,49,NA,1637.5,1636.6,"MT",0.900000000000091,1.44840600000015,NA
"89",136,3,48,NA,1638.5,1637.6,"MT",0.900000000000091,1.44840600000015,NA
"88",135,3,47,NA,1639.5,1638.6,"MT",0.900000000000091,1.44840600000015,NA
"87",134,3,46,NA,1640.5,1639.6,"MT",0.900000000000091,1.44840600000015,NA
"86",133,3,45,NA,1641.5,1640.6,"MT",0.900000000000091,1.44840600000015,NA
"85",132,3,44,NA,1643,1641.6,"MT",1.40000000000009,2.25307600000015,NA
"84",131,3,43,NA,1644.5,1643.1,"MT",1.40000000000009,2.25307600000015,NA
"83",130,3,42,NA,1646,1644.6,"MT",1.40000000000009,2.25307600000015,NA
"82",129,3,41,NA,1647,1646.1,"MT",0.900000000000091,1.44840600000015,NA
"81",128,3,40,NA,1648.5,1647.1,"MT",1.40000000000009,2.25307600000015,NA
"80",127,3,39,NA,1650,1648.6,"MT",1.40000000000009,2.25307600000015,NA
"79",126,3,38,NA,1651,1650.1,"MT",0.900000000000091,1.44840600000015,NA
"78",125,3,37,NA,1653,1651.1,"MT",1.90000000000009,3.05774600000015,NA
"77",124,3,36,NA,1654,1653.1,"MT",0.900000000000091,1.44840600000015,NA
"76",123,3,35,NA,1655,1654.1,"MT",0.900000000000091,1.44840600000015,NA
"75",122,3,34,NA,1656,1655.1,"MT",0.900000000000091,1.44840600000015,NA
"74",121,3,33,NA,1657,1656.1,"MT",0.900000000000091,1.44840600000015,NA
"73",120,3,32,NA,1659,1657.1,"MT",1.90000000000009,3.05774600000015,NA
"72",119,3,31,NA,1660,1659.1,"MT",0.900000000000091,1.44840600000015,NA
"71",118,3,30,NA,1661.5,1660.1,"MT",1.40000000000009,2.25307600000015,NA
"70",117,3,29,NA,1663,1661.6,"MT",1.40000000000009,2.25307600000015,NA
"69",116,3,28,NA,1664,1663.1,"MT",0.900000000000091,1.44840600000015,NA
"68",115,3,27,NA,1665,1664.1,"MT",0.900000000000091,1.44840600000015,NA
"67",114,3,26,NA,1666,1665.1,"MT",0.900000000000091,1.44840600000015,NA
"66",113,3,25,NA,1667,1666.1,"MT",0.900000000000091,1.44840600000015,NA
"65",112,3,24,NA,1668.5,1667.1,"MT",1.40000000000009,2.25307600000015,NA
"64",111,3,23,NA,1670,1668.6,"MT",1.40000000000009,2.25307600000015,NA
"63",110,3,22,NA,1671,1670.1,"MT",0.900000000000091,1.44840600000015,NA
"62",109,3,21,NA,1672.5,1671.1,"MT",1.40000000000009,2.25307600000015,NA
"61",108,3,20,NA,1674,1672.6,"MT",1.40000000000009,2.25307600000015,NA
"60",107,3,19,NA,1675.5,1674.1,"MT",1.40000000000009,2.25307600000015,NA
"59",106,3,18,NA,1677,1675.6,"MT",1.40000000000009,2.25307600000015,NA
"58",105,3,17,NA,1678.5,1677.1,"MT",1.40000000000009,2.25307600000015,NA
"57",104,3,16,NA,1680,1678.6,"MT",1.40000000000009,2.25307600000015,NA
"56",103,3,15,NA,1681.5,1680.1,"MT",1.40000000000009,2.25307600000015,NA
"55",102,3,14,NA,1683,1681.6,"MT",1.40000000000009,2.25307600000015,NA
"54",101,3,13,NA,1684.5,1683.1,"MT",1.40000000000009,2.25307600000015,NA
"53",100,3,12,NA,1685.5,1684.6,"MT",0.900000000000091,1.44840600000015,NA
"52",99,3,11,NA,1687.5,1685.6,"MT",1.90000000000009,3.05774600000015,NA
"51",98,3,10,NA,1689,1687.6,"MT",1.40000000000009,2.25307600000015,NA
"50",97,3,9,NA,1690.5,1689.1,"MT",1.40000000000009,2.25307600000015,NA
"49",96,3,8,NA,1692,1690.6,"MT",1.40000000000009,2.25307600000015,NA
"48",95,3,7,NA,1693.5,1692.1,"MT",1.40000000000009,2.25307600000015,NA
"47",94,3,6,NA,1695,1693.6,"MT",1.40000000000009,2.25307600000015,NA
"46",93,3,5,NA,1696,1695.1,"MT",0.900000000000091,1.44840600000015,NA
"45",92,3,4,NA,1697.5,1696.1,"MT",1.40000000000009,2.25307600000015,NA
"44",91,3,3,NA,1698.5,1697.6,"MT",0.900000000000091,1.44840600000015,NA
"43",90,3,2,NA,1700,1698.6,"MT",1.40000000000009,2.25307600000015,NA
"42",89,3,1,NA,1701.5,1700.1,"MT",1.40000000000009,2.25307600000015,NA
"41",88,2,40,NA,1703,1701.6,"MT",1.40000000000009,2.25307600000015,NA
"40",87,2,39,NA,1704.5,1703.1,"MT",1.40000000000009,2.25307600000015,NA
"39",86,2,38,NA,1705.5,1704.6,"MT",0.900000000000091,1.44840600000015,NA
"38",85,2,37,NA,1706.5,1705.6,"MT",0.900000000000091,1.44840600000015,NA
"37",84,2,36,NA,1707.5,1706.6,"MT",0.900000000000091,1.44840600000015,NA
"36",83,2,35,NA,1709,1707.6,"MT",1.40000000000009,2.25307600000015,NA
"35",82,2,34,NA,1710,1709.1,"MT",0.900000000000091,1.44840600000015,NA
"34",81,2,33,NA,1710.5,1710.1,"MT",0.400000000000091,0.643736000000146,NA
"33",80,2,32,NA,1712,1710.6,"MT",1.40000000000009,2.25307600000015,NA
"32",79,2,31,NA,1714,1712.1,"MT",1.90000000000009,3.05774600000015,NA
"31",78,2,30,NA,1716,1714.1,"MT",1.90000000000009,3.05774600000015,NA
"30",77,2,29,NA,1717.5,1716.1,"MT",1.40000000000009,2.25307600000015,NA
"29",76,2,28,NA,1719,1717.6,"MT",1.40000000000009,2.25307600000015,NA
"28",75,2,27,NA,1720,1719.1,"MT",0.900000000000091,1.44840600000015,NA
"27",74,2,26,NA,1722,1720.1,"MT",1.90000000000009,3.05774600000015,NA
"26",73,2,25,NA,1723.5,1722.1,"MT",1.40000000000009,2.25307600000015,NA
"25",72,2,24,NA,1725.5,1723.6,"MT",1.90000000000009,3.05774600000015,NA
"24",71,2,23,NA,1726.5,1725.6,"MT",0.900000000000091,1.44840600000015,NA
"23",70,2,22,NA,1727.5,1726.6,"MT",0.900000000000091,1.44840600000015,NA
"22",69,2,21,NA,1728.5,1727.6,"MT",0.900000000000091,1.44840600000015,NA
"21",68,2,20,NA,1730.5,1728.6,"MT",1.90000000000009,3.05774600000015,NA
"20",67,2,19,NA,1732,1730.6,"MT",1.40000000000009,2.25307600000015,NA
"19",66,2,18,NA,1733,1732.1,"MT",0.900000000000091,1.44840600000015,NA
"18",65,2,17,NA,1735,1733.1,"MT",1.90000000000009,3.05774600000015,NA
"17",64,2,16,NA,1736.5,1735.1,"MT",1.40000000000009,2.25307600000015,NA
"16",63,2,15,NA,1738,1736.6,"MT",1.40000000000009,2.25307600000015,NA
"15",62,2,14,NA,1740,1738.1,"MT",1.90000000000009,3.05774600000015,NA
"14",61,2,13,NA,1741.5,1740.1,"MT",1.40000000000009,2.25307600000015,NA
"13",60,2,12,NA,1744,1741.6,"MT",2.40000000000009,3.86241600000015,NA
"12",59,2,11,NA,1745,1744.1,"MT",0.900000000000091,1.44840600000015,NA
"11",58,2,10,NA,1747,1745.1,"MT",1.90000000000009,3.05774600000015,NA
"10",57,2,9,NA,1749.5,1747.1,"MT",2.40000000000009,3.86241600000015,NA
"9",56,2,8,NA,1751,1749.6,"MT",1.40000000000009,2.25307600000015,NA
"8",55,2,7,NA,1753,1751.1,"MT",1.90000000000009,3.05774600000015,NA
"7",54,2,6,NA,1754.5,1753.1,"MT",1.40000000000009,2.25307600000015,NA
"6",53,2,5,NA,1756,1754.6,"MT",1.40000000000009,2.25307600000015,NA
"5",52,2,4,NA,1757.5,1756.1,"MT",1.40000000000009,2.25307600000015,NA
"4",51,2,3,NA,1759,1757.6,"MT",1.40000000000009,2.25307600000015,NA
"3",50,2,2,NA,1760,1759.1,"MT",0.900000000000091,1.44840600000015,NA
"2",49,2,1,NA,1761,1760.1,"MT",0.900000000000091,1.44840600000015,NA
"1",48,1,1,NA,1766,1761.1,"MT",4.90000000000009,7.88576600000015,NA
