,1049.827_10pct,1049.827_30pct,1049.827_50pct,1049.827_70pct,1049.827_90pct,1009.827_10pct,1009.827_30pct,1009.827_50pct,1009.827_70pct,1009.827_90pct
5.63269,0.0,0.0,0.0,0.0,0.1331,0.0,0.0,0.0,0.0,1.0
9.816974,0.0,0.0,0.0,0.0,0.4825,0.0,0.0,0.0,0.0,0.0
15.127796,0.0,0.0,0.0,0.0,0.361,0.0,0.0,0.0,0.0,0.0
17.380872,0.0,0.0,0.0,0.0,0.021,0.0,0.0,0.0,0.0,0.0
27.197846000000002,0.0,0.0,0.0,0.0,0.0024,0.0,0.0,0.0,0.0,0.0
35.566414,0.0,0.0,0.0,0.0,0.0,0.0,0.0,0.0,0.0,0.0
41.03817,0.0,0.0,0.0,0.0,0.0,0.0,0.0,0.0,0.0,0.0
42.808444,0.0,0.0,0.0,0.0,0.0,0.0,0.0,0.0,0.0,0.0
46.188058000000005,0.0,0.0,0.0,0.0,0.0,0.0,0.0,0.0,0.0,0.0
51.337946,0.0,0.0,0.0,0.0,0.0,0.0,0.0,0.0,0.0,0.0
55.039428,0.0,0.0,0.0,0.0,0.0,0.0,0.0,0.0,0.0,0.0
60.511184,0.0,0.0,0.0,0.0,0.0,0.0,0.0,0.0,0.0,0.0
62.76426,0.0,0.0,0.0,0.0,0.0,0.0,0.0,0.0,0.0,0.0
65.66107199999999,0.0,0.0,0.0,0.0,0.0,0.0,0.0,0.0,0.0,0.0
70.650026,0.0,0.0,0.0,0.0,0.0,0.0,0.0,0.0,0.0,0.0
72.903102,0.0,0.0,0.0,0.0,0.0,0.0,0.0,0.0,0.0,0.0
78.213924,0.0,0.0,0.0,0.0,0.0,0.0,0.0,0.0,0.0,0.0
80.467,0.0,0.0,0.0,0.0,0.0,0.0,0.0,0.0,0.0,0.0
82.720076,0.0,0.0,0.0,0.0,0.0,0.0,0.0,0.0,0.0,0.0
87.548096,0.0,0.0,0.0,0.0,0.0,0.0,0.0,0.0,0.0,0.0
91.249578,0.0,0.0,0.0,0.0,0.0,0.0,0.0,0.0,0.0,0.0
94.629192,0.0,0.0,0.0,0.0,0.0,0.0,0.0,0.0,0.0,0.0
97.36506999999999,0.0,0.0,0.0,0.0,0.0,0.0,0.0,0.0,0.0,0.0
104.6071,0.0,0.0,0.0,0.0,0.0,0.0,0.0,0.0,0.0,0.0
107.82578000000001,0.0,0.0,0.0,0.0,0.0,0.0,0.0,0.0,0.0,0.0
112.49286599999999,0.0,0.0,0.0,0.0,0.0,0.0,0.0,0.0,0.0,0.0
120.05676399999999,0.0,0.0,0.0,0.0,0.0,0.0,0.0,0.0,0.0,0.0
124.080114,0.0,0.0,0.0,0.0,0.0,0.0,0.0,0.0,0.0,0.0
125.689454,0.0,0.0,0.0,0.0,0.0,0.0,0.0,0.0,0.0,0.0
128.7472,0.0,0.0,0.0,0.0,0.0,0.0,0.0,0.0,0.0002,0.0
130.35654,0.0,0.0,0.0,0.0,0.0,0.0,0.0,0.0,0.0008,0.0
133.414286,0.0,0.0,0.0,0.0,0.0,0.0,0.0,0.0,0.0566,0.0
137.59857,0.0,0.0,0.0,0.0,0.0,0.0,0.0,0.0,0.5569,0.0
139.69071200000002,0.0,0.0,0.0,0.0,0.0,0.0,0.0,0.0,0.2839,0.0
142.104722,0.0,0.0,0.0,0.0,0.0,0.0,0.0,0.0,0.0933,0.0
144.679666,0.0,0.0,0.0,0.0,0.0,0.0,0.0,0.0,0.0083,0.0
147.576478,0.0,0.0,0.0,0.0,0.0,0.0,0.0,0.0,0.0,0.0
151.599828,0.0,0.0,0.0,0.0,0.0,0.0,0.0,0.0,0.0,0.0
153.69197,0.0,0.0,0.0,0.0,0.0,0.0,0.0,0.0,0.0,0.0
155.945046,0.0,0.0,0.0,0.0,0.0,0.0,0.0,0.0,0.0,0.0
158.359056,0.0,0.0,0.0,0.0,0.0,0.0,0.0,0.0,0.0,0.0
160.934,0.0,0.0,0.0,0.0,0.0,0.0,0.0,0.0,0.0,0.0
166.405756,0.0,0.0,0.0,0.0,0.0,0.0,0.0,0.0,0.0,0.0
169.30256799999998,0.0,0.0,0.0,0.0,0.0,0.0,0.0,0.0,0.0,0.0
171.233776,0.0,0.0,0.0,0.0,0.0,0.0,0.0,0.0,0.0,0.0
173.80872,0.0,0.0,0.0,0.0014,0.0,0.0,0.0,0.0,0.0,0.0
177.510202,0.0,0.0,0.0,0.0942,0.0,0.0,0.0,0.0,0.0,0.0
180.567948,0.0,0.0,0.0,0.4389,0.0,0.0,0.0,0.0,0.0,0.0
187.005308,0.0,0.0,0.0,0.4639,0.0,0.0,0.0,0.0,0.0,0.0
190.54585600000001,0.0,0.0,0.0,0.0016,0.0,0.0,0.0,0.0,0.0,0.0
194.569206,0.0,0.0,0.0,0.0,0.0,0.0,0.0,0.0,0.0,0.0
196.983216,0.0,0.0,0.0,0.0,0.0,0.0,0.0,0.0,0.0,0.0
201.32843400000002,0.0,0.0,0.0,0.0,0.0,0.0,0.0,0.0,0.0,0.0
204.547114,0.0,0.0,0.0,0.0,0.0,0.0,0.0,0.0,0.0,0.0
206.961124,0.0,0.0,0.0,0.0,0.0,0.0,0.0,0.0,0.0,0.0
209.697002,0.0,0.0,0.0,0.0,0.0,0.0,0.0,0.0,0.0,0.0
213.55941800000002,0.0,0.0,0.0,0.0,0.0,0.0,0.0,0.0,0.0,0.0
216.939032,0.0,0.0,0.0,0.0,0.0,0.0,0.0,0.0202,0.0,0.0
218.87024,0.0,0.0,0.0,0.0,0.0,0.0,0.0,0.1311,0.0,0.0
221.606118,0.0,0.0,0.0,0.0,0.0,0.0,0.0,0.5087,0.0,0.0
223.69826,0.0,0.0,0.0,0.0,0.0,0.0,0.0,0.2784,0.0,0.0
228.687214,0.0,0.0,0.0,0.0,0.0,0.0,0.0,0.0616,0.0,0.0
231.10122400000003,0.0,0.0,0.0,0.0,0.0,0.0,0.0,0.0,0.0,0.0
235.12457400000002,0.0,0.0,0.0,0.0,0.0,0.0,0.0,0.0,0.0,0.0
240.75726400000002,0.0,0.0,0.0,0.0,0.0,0.0,0.0,0.0,0.0,0.0
244.13687799999997,0.0,0.0,0.0,0.0,0.0,0.0,0.0,0.0,0.0,0.0
249.28676600000003,0.0,0.0,0.0,0.0,0.0,0.0,0.0,0.0,0.0,0.0
255.563192,0.0,0.0,0.0,0.0,0.0,0.0,0.0,0.0,0.0,0.0
261.35681600000004,0.0,0.0,0.0017,0.0,0.0,0.0,0.0187,0.0,0.0,0.0
268.598846,0.0,0.0,0.7644,0.0,0.0,0.0,0.969,0.0,0.0,0.0
275.840876,0.0,0.0,0.2339,0.0,0.0,0.0,0.0123,0.0,0.0,0.0
280.82982999999996,0.0,0.0,0.0,0.0,0.0,0.0,0.0,0.0,0.0,0.0
284.37037799999996,0.0,0.0,0.0,0.0,0.0,0.0,0.0,0.0,0.0,0.0
287.26718999999997,0.0,0.0,0.0,0.0,0.0,0.0,0.0,0.0,0.0,0.0
290.324936,0.0,0.0,0.0,0.0,0.0,0.0,0.0,0.0,0.0,0.0
292.578012,0.0,0.0,0.0,0.0,0.0,0.0,0.0,0.0,0.0,0.0
295.152956,0.0,0.0,0.0,0.0,0.0,0.0,0.0,0.0,0.0,0.0
297.56696600000004,0.0,0.0,0.0,0.0,0.0,0.0,0.0,0.0,0.0,0.0
300.94658,0.0,0.0001,0.0,0.0,0.0,0.0,0.0,0.0,0.0,0.0
304.487128,0.0,0.0151,0.0,0.0,0.0,0.0,0.0,0.0,0.0,0.0
308.99327999999997,0.0,0.7127,0.0,0.0,0.0,0.0,0.0,0.0,0.0,0.0
312.051026,0.0,0.2657,0.0,0.0,0.0,0.0,0.0,0.0,0.0,0.0
317.522782,0.0,0.0064,0.0,0.0,0.0,0.0,0.0,0.0,0.0,0.0
321.385198,0.0,0.0,0.0,0.0,0.0,0.0,0.0,0.0,0.0,0.0
323.960142,0.0,0.0,0.0,0.0,0.0,0.0,0.0,0.0,0.0,0.0
328.14442599999995,0.0,0.0,0.0,0.0,0.0,0.0,0.0,0.0,0.0,0.0
330.880304,0.0,0.0,0.0,0.0,0.0,0.0,0.0,0.0,0.0,0.0
333.77711600000004,0.0,0.0,0.0,0.0,0.0,0.0,0.0,0.0,0.0,0.0
336.995796,0.0,0.0,0.0,0.0,0.0,0.0,0.0,0.0,0.0,0.0
339.731674,0.0,0.0,0.0,0.0,0.0,0.0,0.0,0.0,0.0,0.0
344.559694,0.0,0.0,0.0,0.0,0.0,0.0,0.0,0.0,0.0,0.0
350.192384,0.0,0.0,0.0,0.0,0.0,0.0,0.0,0.0,0.0,0.0
354.376668,0.0,0.0,0.0,0.0,0.0,0.0,0.0,0.0,0.0,0.0
358.239084,0.0,0.0,0.0,0.0,0.0,0.0,0.0,0.0,0.0,0.0
367.573256,0.0,0.0,0.0,0.0,0.0,0.0,0.0,0.0,0.0,0.0
374.010616,0.0,0.0,0.0,0.0,0.0,0.0,0.0,0.0,0.0,0.0
377.39023,0.0,0.0,0.0,0.0,0.0,0.001,0.0,0.0,0.0,0.0
381.41357999999997,0.0,0.0,0.0,0.0,0.0,0.2,0.0,0.0,0.0,0.0
385.758798,0.0,0.0,0.0,0.0,0.0,0.7423,0.0,0.0,0.0,0.0
396.54137599999996,0.0,0.0,0.0,0.0,0.0,0.0567,0.0,0.0,0.0,0.0
402.97873599999997,0.0,0.0,0.0,0.0,0.0,0.0,0.0,0.0,0.0,0.0
407.806756,0.0,0.0,0.0,0.0,0.0,0.0,0.0,0.0,0.0,0.0
414.244116,0.0,0.0,0.0,0.0,0.0,0.0,0.0,0.0,0.0,0.0
419.072136,0.0,0.0,0.0,0.0,0.0,0.0,0.0,0.0,0.0,0.0
420.84241,0.0,0.0,0.0,0.0,0.0,0.0,0.0,0.0,0.0,0.0
424.38295800000003,0.0002,0.0,0.0,0.0,0.0,0.0,0.0,0.0,0.0,0.0
426.796968,0.0153,0.0,0.0,0.0,0.0,0.0,0.0,0.0,0.0,0.0
430.17658200000005,0.3526,0.0,0.0,0.0,0.0,0.0,0.0,0.0,0.0,0.0
437.74048,0.6318,0.0,0.0,0.0,0.0,0.0,0.0,0.0,0.0,0.0
441.441962,0.0001,0.0,0.0,0.0,0.0,0.0,0.0,0.0,0.0,0.0
443.85597199999995,0.0,0.0,0.0,0.0,0.0,0.0,0.0,0.0,0.0,0.0
450.6152,0.0,0.0,0.0,0.0,0.0,0.0,0.0,0.0,0.0,0.0
454.63855,0.0,0.0,0.0,0.0,0.0,0.0,0.0,0.0,0.0,0.0
458.822834,0.0,0.0,0.0,0.0,0.0,0.0,0.0,0.0,0.0,0.0
467.191402,0.0,0.0,0.0,0.0,0.0,0.0,0.0,0.0,0.0,0.0
477.49117800000005,0.0,0.0,0.0,0.0,0.0,0.0,0.0,0.0,0.0,0.0
482.31919800000003,0.0,0.0,0.0,0.0,0.0,0.0,0.0,0.0,0.0,0.0
485.37694400000004,0.0,0.0,0.0,0.0,0.0,0.0,0.0,0.0,0.0,0.0
490.3658980000001,0.0,0.0,0.0,0.0,0.0,0.0,0.0,0.0,0.0,0.0
494.711116,0.0,0.0,0.0,0.0,0.0,0.0,0.0,0.0,0.0,0.0
498.41259800000006,0.0,0.0,0.0,0.0,0.0,0.0,0.0,0.0,0.0,0.0
501.47034400000007,0.0,0.0,0.0,0.0,0.0,0.0,0.0,0.0,0.0,0.0
511.931054,0.0,0.0,0.0,0.0,0.0,0.0,0.0,0.0,0.0,0.0
514.345064,0.0,0.0,0.0,0.0,0.0,0.0,0.0,0.0,0.0,0.0
517.563744,0.0,0.0,0.0,0.0,0.0,0.0,0.0,0.0,0.0,0.0
521.908962,0.0,0.0,0.0,0.0,0.0,0.0,0.0,0.0,0.0,0.0
526.415114,0.0,0.0,0.0,0.0,0.0,0.0,0.0,0.0,0.0,0.0
534.944616,0.0,0.0,0.0,0.0,0.0,0.0,0.0,0.0,0.0,0.0
539.6117019999999,0.0,0.0,0.0,0.0,0.0,0.0,0.0,0.0,0.0,0.0
542.669448,0.0,0.0,0.0,0.0,0.0,0.0,0.0,0.0,0.0,0.0
545.5662599999999,0.0,0.0,0.0,0.0,0.0,0.0,0.0,0.0,0.0,0.0
547.98027,0.0,0.0,0.0,0.0,0.0,0.0,0.0,0.0,0.0,0.0
551.19895,0.0,0.0,0.0,0.0,0.0,0.0,0.0,0.0,0.0,0.0
553.130158,0.0,0.0,0.0,0.0,0.0,0.0,0.0,0.0,0.0,0.0
557.958178,0.0,0.0,0.0,0.0,0.0,0.0,0.0,0.0,0.0,0.0
565.522076,0.0,0.0,0.0,0.0,0.0,0.0,0.0,0.0,0.0,0.0
570.028228,0.0,0.0,0.0,0.0,0.0,0.0,0.0,0.0,0.0,0.0
578.235862,0.0,0.0,0.0,0.0,0.0,0.0,0.0,0.0,0.0,0.0
584.834156,0.0,0.0,0.0,0.0,0.0,0.0,0.0,0.0,0.0,0.0
593.84646,0.0,0.0,0.0,0.0,0.0,0.0,0.0,0.0,0.0,0.0
598.67448,0.0,0.0,0.0,0.0,0.0,0.0,0.0,0.0,0.0,0.0
604.30717,0.0,0.0,0.0,0.0,0.0,0.0,0.0,0.0,0.0,0.0
609.2961240000001,0.0,0.0,0.0,0.0,0.0,0.0,0.0,0.0,0.0,0.0
616.860022,0.0,0.0,0.0,0.0,0.0,0.0,0.0,0.0,0.0,0.0
619.756834,0.0,0.0,0.0,0.0,0.0,0.0,0.0,0.0,0.0,0.0
625.711392,0.0,0.0,0.0,0.0,0.0,0.0,0.0,0.0,0.0,0.0
631.66595,0.0,0.0,0.0,0.0,0.0,0.0,0.0,0.0,0.0,0.0
639.2298480000001,0.0,0.0,0.0,0.0,0.0,0.0,0.0,0.0,0.0,0.0
642.12666,0.0,0.0,0.0,0.0,0.0,0.0,0.0,0.0,0.0,0.0
644.379736,0.0,0.0,0.0,0.0,0.0,0.0,0.0,0.0,0.0,0.0
650.656162,0.0,0.0,0.0,0.0,0.0,0.0,0.0,0.0,0.0,0.0
655.1623139999999,0.0,0.0,0.0,0.0,0.0,0.0,0.0,0.0,0.0,0.0
657.41539,0.0,0.0,0.0,0.0,0.0,0.0,0.0,0.0,0.0,0.0
659.990334,0.0,0.0,0.0,0.0,0.0,0.0,0.0,0.0,0.0,0.0
663.530882,0.0,0.0,0.0,0.0,0.0,0.0,0.0,0.0,0.0,0.0
669.3245059999999,0.0,0.0,0.0,0.0,0.0,0.0,0.0,0.0,0.0,0.0
672.70412,0.0,0.0,0.0,0.0,0.0,0.0,0.0,0.0,0.0,0.0
684.613236,0.0,0.0,0.0,0.0,0.0,0.0,0.0,0.0,0.0,0.0
690.728728,0.0,0.0,0.0,0.0,0.0,0.0,0.0,0.0,0.0,0.0
694.591144,0.0,0.0,0.0,0.0,0.0,0.0,0.0,0.0,0.0,0.0
700.545702,0.0,0.0,0.0,0.0,0.0,0.0,0.0,0.0,0.0,0.0
705.2127879999999,0.0,0.0,0.0,0.0,0.0,0.0,0.0,0.0,0.0,0.0
713.098554,0.0,0.0,0.0,0.0,0.0,0.0,0.0,0.0,0.0,0.0
723.39833,0.0,0.0,0.0,0.0,0.0,0.0,0.0,0.0,0.0,0.0
727.099812,0.0,0.0,0.0,0.0,0.0,0.0,0.0,0.0,0.0,0.0
732.2497,0.0,0.0,0.0,0.0,0.0,0.0,0.0,0.0,0.0,0.0
738.526126,0.0,0.0,0.0,0.0,0.0,0.0,0.0,0.0,0.0,0.0
745.285354,0.0,0.0,0.0,0.0,0.0,0.0,0.0,0.0,0.0,0.0
751.883648,0.0,0.0,0.0,0.0,0.0,0.0,0.0,0.0,0.0,0.0
754.9413940000001,0.0,0.0,0.0,0.0,0.0,0.0,0.0,0.0,0.0,0.0
760.574084,0.0,0.0,0.0,0.0,0.0,0.0,0.0,0.0,0.0,0.0
768.942652,0.0,0.0,0.0,0.0,0.0,0.0,0.0,0.0,0.0,0.0
774.09254,0.0,0.0,0.0,0.0,0.0,0.0,0.0,0.0,0.0,0.0
778.11589,0.0,0.0,0.0,0.0,0.0,0.0,0.0,0.0,0.0,0.0
782.300174,0.0,0.0,0.0,0.0,0.0,0.0,0.0,0.0,0.0,0.0
788.415666,0.0,0.0,0.0,0.0,0.0,0.0,0.0,0.0,0.0,0.0
790.668742,0.0,0.0,0.0,0.0,0.0,0.0,0.0,0.0,0.0,0.0
795.81863,0.0,0.0,0.0,0.0,0.0,0.0,0.0,0.0,0.0,0.0
802.577858,0.0,0.0,0.0,0.0,0.0,0.0,0.0,0.0,0.0,0.0
805.3137360000001,0.0,0.0,0.0,0.0,0.0,0.0,0.0,0.0,0.0,0.0
807.727746,0.0,0.0,0.0,0.0,0.0,0.0,0.0,0.0,0.0,0.0
812.072964,0.0,0.0,0.0,0.0,0.0,0.0,0.0,0.0,0.0,0.0
815.93538,0.0,0.0,0.0,0.0,0.0,0.0,0.0,0.0,0.0,0.0
818.3493900000001,0.0,0.0,0.0,0.0,0.0,0.0,0.0,0.0,0.0,0.0
824.947684,0.0,0.0,0.0,0.0,0.0,0.0,0.0,0.0,0.0,0.0
830.580374,0.0,0.0,0.0,0.0,0.0,0.0,0.0,0.0,0.0,0.0
833.155318,0.0,0.0,0.0,0.0,0.0,0.0,0.0,0.0,0.0,0.0
834.4427900000001,0.0,0.0,0.0,0.0,0.0,0.0,0.0,0.0,0.0,0.0
837.822404,0.0,0.0,0.0,0.0,0.0,0.0,0.0,0.0,0.0,0.0
840.88015,0.0,0.0,0.0,0.0,0.0,0.0,0.0,0.0,0.0,0.0
843.2941599999999,0.0,0.0,0.0,0.0,0.0,0.0,0.0,0.0,0.0,0.0
846.673774,0.0,0.0,0.0,0.0,0.0,0.0,0.0,0.0,0.0,0.0
851.5017939999999,0.0,0.0,0.0,0.0,0.0,0.0,0.0,0.0,0.0,0.0
855.847012,0.0,0.0,0.0,0.0,0.0,0.0,0.0,0.0,0.0,0.0
858.743824,0.0,0.0,0.0,0.0,0.0,0.0,0.0,0.0,0.0,0.0
860.675032,0.0,0.0,0.0,0.0,0.0,0.0,0.0,0.0,0.0,0.0
864.21558,0.0,0.0,0.0,0.0,0.0,0.0,0.0,0.0,0.0,0.0
868.882666,0.0,0.0,0.0,0.0,0.0,0.0,0.0,0.0,0.0,0.0
872.423214,0.0,0.0,0.0,0.0,0.0,0.0,0.0,0.0,0.0,0.0
874.515356,0.0,0.0,0.0,0.0,0.0,0.0,0.0,0.0,0.0,0.0
876.7684320000001,0.0,0.0,0.0,0.0,0.0,0.0,0.0,0.0,0.0,0.0
879.182442,0.0,0.0,0.0,0.0,0.0,0.0,0.0,0.0,0.0,0.0
884.6541980000001,0.0,0.0,0.0,0.0,0.0,0.0,0.0,0.0,0.0,0.0
885.9416699999999,0.0,0.0,0.0,0.0,0.0,0.0,0.0,0.0,0.0,0.0
890.1259539999999,0.0,0.0,0.0,0.0,0.0,0.0,0.0,0.0,0.0,0.0
893.1837,0.0,0.0,0.0,0.0,0.0,0.0,0.0,0.0,0.0,0.0
896.5633140000001,0.0,0.0,0.0,0.0,0.0,0.0,0.0,0.0,0.0,0.0
900.908532,0.0,0.0,0.0,0.0,0.0,0.0,0.0,0.0,0.0,0.0
906.219354,0.0,0.0,0.0,0.0,0.0,0.0,0.0,0.0,0.0,0.0
909.438034,0.0,0.0,0.0,0.0,0.0,0.0,0.0,0.0,0.0,0.0
917.162866,0.0,0.0,0.0,0.0,0.0,0.0,0.0,0.0,0.0,0.0
921.5080839999999,0.0,0.0,0.0,0.0,0.0,0.0,0.0,0.0,0.0,0.0
924.887698,0.0,0.0,0.0,0.0,0.0,0.0,0.0,0.0,0.0,0.0
927.78451,0.0,0.0,0.0,0.0,0.0,0.0,0.0,0.0,0.0,0.0
931.646926,0.0,0.0,0.0,0.0,0.0,0.0,0.0,0.0,0.0,0.0
937.9233519999999,0.0,0.0,0.0,0.0,0.0,0.0,0.0,0.0,0.0,0.0
943.234174,0.0,0.0,0.0,0.0,0.0,0.0,0.0,0.0,0.0,0.0
948.062194,0.0,0.0,0.0,0.0,0.0,0.0,0.0,0.0,0.0,0.0
952.4074119999999,0.0,0.0,0.0,0.0,0.0,0.0,0.0,0.0,0.0,0.0
957.7182339999999,0.0,0.0,0.0,0.0,0.0,0.0,0.0,0.0,0.0,0.0
959.327574,0.0,0.0,0.0,0.0,0.0,0.0,0.0,0.0,0.0,0.0
962.5462539999999,0.0,0.0,0.0,0.0,0.0,0.0,0.0,0.0,0.0,0.0
964.6383960000001,0.0,0.0,0.0,0.0,0.0,0.0,0.0,0.0,0.0,0.0
967.052406,0.0,0.0,0.0,0.0,0.0,0.0,0.0,0.0,0.0,0.0
973.006964,0.0,0.0,0.0,0.0,0.0,0.0,0.0,0.0,0.0,0.0
979.9271259999999,0.0,0.0,0.0,0.0,0.0,0.0,0.0,0.0,0.0,0.0
986.3644859999999,0.0,0.0,0.0,0.0,0.0,0.0,0.0,0.0,0.0,0.0
989.261298,0.0,0.0,0.0,0.0,0.0,0.0,0.0,0.0,0.0,0.0
993.9283839999999,0.0,0.0,0.0,0.0,0.0,0.0,0.0,0.0,0.0,0.0
1002.4578859999999,0.0,0.0,0.0,0.0,0.0,0.0,0.0,0.0,0.0,0.0
1010.5045859999999,0.0,0.0,0.0,0.0,0.0,0.0,0.0,0.0,0.0,0.0
1013.5623320000001,0.0,0.0,0.0,0.0,0.0,0.0,0.0,0.0,0.0,0.0
1015.815408,0.0,0.0,0.0,0.0,0.0,0.0,0.0,0.0,0.0,0.0
1018.068484,0.0,0.0,0.0,0.0,0.0,0.0,0.0,0.0,0.0,0.0
1020.643428,0.0,0.0,0.0,0.0,0.0,0.0,0.0,0.0,0.0,0.0
1025.471448,0.0,0.0,0.0,0.0,0.0,0.0,0.0,0.0,0.0,0.0
1027.724524,0.0,0.0,0.0,0.0,0.0,0.0,0.0,0.0,0.0,0.0
1029.816666,0.0,0.0,0.0,0.0,0.0,0.0,0.0,0.0,0.0,0.0
1033.357214,0.0,0.0,0.0,0.0,0.0,0.0,0.0,0.0,0.0,0.0
1037.380564,0.0,0.0,0.0,0.0,0.0,0.0,0.0,0.0,0.0,0.0
1044.783528,0.0,0.0,0.0,0.0,0.0,0.0,0.0,0.0,0.0,0.0
1048.9678119999999,0.0,0.0,0.0,0.0,0.0,0.0,0.0,0.0,0.0,0.0
1053.956766,0.0,0.0,0.0,0.0,0.0,0.0,0.0,0.0,0.0,0.0
1058.784786,0.0,0.0,0.0,0.0,0.0,0.0,0.0,0.0,0.0,0.0
1063.612806,0.0,0.0,0.0,0.0,0.0,0.0,0.0,0.0,0.0,0.0
1067.314288,0.0,0.0,0.0,0.0,0.0,0.0,0.0,0.0,0.0,0.0
1072.786044,0.0,0.0,0.0,0.0,0.0,0.0,0.0,0.0,0.0,0.0
1079.0624699999998,0.0,0.0,0.0,0.0,0.0,0.0,0.0,0.0,0.0,0.0
1082.924886,0.0,0.0,0.0,0.0,0.0,0.0,0.0,0.0,0.0,0.0
1086.465434,0.0,0.0,0.0,0.0,0.0,0.0,0.0,0.0,0.0,0.0
1089.201312,0.0,0.0,0.0,0.0,0.0,0.0,0.0,0.0,0.0,0.0
1091.1325199999999,0.0,0.0,0.0,0.0,0.0,0.0,0.0,0.0,0.0,0.0
1094.3512,0.0,0.0,0.0,0.0,0.0,0.0,0.0,0.0,0.0,0.0
1096.443342,0.0,0.0,0.0,0.0,0.0,0.0,0.0,0.0,0.0,0.0
1099.822956,0.0,0.0,0.0,0.0,0.0,0.0,0.0,0.0,0.0,0.0
1104.1681740000001,0.0,0.0,0.0,0.0,0.0,0.0,0.0,0.0,0.0,0.0
1106.42125,0.0,0.0,0.0,0.0,0.0,0.0,0.0,0.0,0.0,0.0
1108.996194,0.0,0.0,0.0,0.0,0.0,0.0,0.0,0.0,0.0,0.0
1112.85861,0.0,0.0,0.0,0.0,0.0,0.0,0.0,0.0,0.0,0.0
1116.399158,0.0,0.0,0.0,0.0,0.0,0.0,0.0,0.0,0.0,0.0
1122.675584,0.0,0.0,0.0,0.0,0.0,0.0,0.0,0.0,0.0,0.0
1128.14734,0.0,0.0,0.0,0.0,0.0,0.0,0.0,0.0,0.0,0.0
1130.883218,0.0,0.0,0.0,0.0,0.0,0.0,0.0,0.0,0.0,0.0
1133.136294,0.0,0.0,0.0,0.0,0.0,0.0,0.0,0.0,0.0,0.0
1136.837776,0.0,0.0,0.0,0.0,0.0,0.0,0.0,0.0,0.0,0.0
1139.5736539999998,0.0,0.0,0.0,0.0,0.0,0.0,0.0,0.0,0.0,0.0
1144.079806,0.0,0.0,0.0,0.0,0.0,0.0,0.0,0.0,0.0,0.0
1148.907826,0.0,0.0,0.0,0.0,0.0,0.0,0.0,0.0,0.0,0.0
1152.770242,0.0,0.0,0.0,0.0,0.0,0.0,0.0,0.0,0.0,0.0
1156.632658,0.0,0.0,0.0,0.0,0.0,0.0,0.0,0.0,0.0,0.0
1162.1044140000001,0.0,0.0,0.0,0.0,0.0,0.0,0.0,0.0,0.0,0.0
1164.35749,0.0,0.0,0.0,0.0,0.0,0.0,0.0,0.0,0.0,0.0
1168.863642,0.0,0.0,0.0,0.0,0.0,0.0,0.0,0.0,0.0,0.0
1178.197814,0.0,0.0,0.0,0.0,0.0,0.0,0.0,0.0,0.0,0.0
1179.4852859999999,0.0,0.0,0.0,0.0,0.0,0.0,0.0,0.0,0.0,0.0
1182.543032,0.0,0.0,0.0,0.0,0.0,0.0,0.0,0.0,0.0,0.0
1188.49759,0.0,0.0,0.0,0.0,0.0,0.0,0.0,0.0,0.0,0.0
1194.93495,0.0,0.0,0.0,0.0,0.0,0.0,0.0,0.0,0.0,0.0
1202.337914,0.0,0.0,0.0,0.0,0.0,0.0,0.0,0.0,0.0,0.0
1207.3268679999999,0.0,0.0,0.0,0.0,0.0,0.0,0.0,0.0,0.0,0.0
1211.9939539999998,0.0,0.0,0.0,0.0,0.0,0.0,0.0,0.0,0.0,0.0
1213.603294,0.0,0.0,0.0,0.0,0.0,0.0,0.0,0.0,0.0,0.0
1216.017304,0.0,0.0,0.0,0.0,0.0,0.0,0.0,0.0,0.0,0.0
1216.821974,0.0,0.0,0.0,0.0,0.0,0.0,0.0,0.0,0.0,0.0
1219.235984,0.0,0.0,0.0,0.0,0.0,0.0,0.0,0.0,0.0,0.0
1223.259334,0.0,0.0,0.0,0.0,0.0,0.0,0.0,0.0,0.0,0.0
1224.868674,0.0,0.0,0.0,0.0,0.0,0.0,0.0,0.0,0.0,0.0
1226.478014,0.0,0.0,0.0,0.0,0.0,0.0,0.0,0.0,0.0,0.0
1228.892024,0.0,0.0,0.0,0.0,0.0,0.0,0.0,0.0,0.0,0.0
1230.501364,0.0,0.0,0.0,0.0,0.0,0.0,0.0,0.0,0.0,0.0
1234.5247140000001,0.0,0.0,0.0,0.0,0.0,0.0,0.0,0.0,0.0,0.0
1237.7433939999999,0.0,0.0,0.0,0.0,0.0,0.0,0.0,0.0,0.0,0.0
1239.352734,0.0,0.0,0.0,0.0,0.0,0.0,0.0,0.0,0.0,0.0
1243.376084,0.0,0.0,0.0,0.0,0.0,0.0,0.0,0.0,0.0,0.0
1244.985424,0.0,0.0,0.0,0.0,0.0,0.0,0.0,0.0,0.0,0.0
1245.790094,0.0,0.0,0.0,0.0,0.0,0.0,0.0,0.0,0.0,0.0
1248.204104,0.0,0.0,0.0,0.0,0.0,0.0,0.0,0.0,0.0,0.0
1251.422784,0.0,0.0,0.0,0.0,0.0,0.0,0.0,0.0,0.0,0.0
1253.67586,0.0,0.0,0.0,0.0,0.0,0.0,0.0,0.0,0.0,0.0
1254.641464,0.0,0.0,0.0,0.0,0.0,0.0,0.0,0.0,0.0,0.0
1259.469484,0.0,0.0,0.0,0.0,0.0,0.0,0.0,0.0,0.0,0.0
1267.516184,0.0,0.0,0.0,0.0,0.0,0.0,0.0,0.0,0.0,0.0
1269.930194,0.0,0.0,0.0,0.0,0.0,0.0,0.0,0.0,0.0,0.0
1276.367554,0.0,0.0,0.0,0.0,0.0,0.0,0.0,0.0,0.0,0.0
1279.5862339999999,0.0,0.0,0.0,0.0,0.0,0.0,0.0,0.0,0.0,0.0
1282.0002439999998,0.0,0.0,0.0,0.0,0.0,0.0,0.0,0.0,0.0,0.0
1283.609584,0.0,0.0,0.0,0.0,0.0,0.0,0.0,0.0,0.0,0.0
1286.828264,0.0,0.0,0.0,0.0,0.0,0.0,0.0,0.0,0.0,0.0
1289.242274,0.0,0.0,0.0,0.0,0.0,0.0,0.0,0.0,0.0,0.0
1290.046944,0.0,0.0,0.0,0.0,0.0,0.0,0.0,0.0,0.0,0.0
1293.2656240000001,0.0,0.0,0.0,0.0,0.0,0.0,0.0,0.0,0.0,0.0
1296.4843039999998,0.0,0.0,0.0,0.0,0.0,0.0,0.0,0.0,0.0,0.0
1299.702984,0.0,0.0,0.0,0.0,0.0,0.0,0.0,0.0,0.0,0.0
1303.5654,0.0,0.0,0.0,0.0,0.0,0.0,0.0,0.0,0.0,0.0
1305.335674,0.0,0.0,0.0,0.0,0.0,0.0,0.0,0.0,0.0,0.0
2468.8884940000003,0.0,0.0,0.0,0.0,0.0,0.0,0.0,0.0,0.0,0.0
2476.613326,0.0,0.0,0.0,0.0,0.0,0.0,0.0,0.0,0.0,0.0
2478.866402,0.0,0.0,0.0,0.0,0.0,0.0,0.0,0.0,0.0,0.0
2480.475742,0.0,0.0,0.0,0.0,0.0,0.0,0.0,0.0,0.0,0.0
2485.786564,0.0,0.0,0.0,0.0,0.0,0.0,0.0,0.0,0.0,0.0
2491.902056,0.0,0.0,0.0,0.0,0.0,0.0,0.0,0.0,0.0,0.0
2493.350462,0.0,0.0,0.0,0.0,0.0,0.0,0.0,0.0,0.0,0.0
2496.7300760000003,0.0,0.0,0.0,0.0,0.0,0.0,0.0,0.0,0.0,0.0
2499.626888,0.0,0.0,0.0,0.0,0.0,0.0,0.0,0.0,0.0,0.0
2503.9721059999997,0.0,0.0,0.0,0.0,0.0,0.0,0.0,0.0,0.0,0.0
2507.512654,0.0,0.0,0.0,0.0,0.0,0.0,0.0,0.0,0.0,0.0
2511.214136,0.0,0.0,0.0,0.0,0.0,0.0,0.0,0.0,0.0,0.0
2514.432816,0.0,0.0,0.0,0.0,0.0,0.0,0.0,0.0,0.0,0.0
2515.881222,0.0,0.0,0.0,0.0,0.0,0.0,0.0,0.0,0.0,0.0
2519.582704,0.0,0.0,0.0,0.0,0.0,0.0,0.0,0.0,0.0,0.0
2522.318582,0.0,0.0,0.0,0.0,0.0,0.0,0.0,0.0,0.0,0.0
2525.3763280000003,0.0,0.0,0.0,0.0,0.0,0.0,0.0,0.0,0.0,0.0
2533.583962,0.0,0.0,0.0,0.0,0.0,0.0,0.0,0.0,0.0,0.0
2534.7105,0.0,0.0,0.0,0.0,0.0,0.0,0.0,0.0,0.0,0.0
2536.1589059999997,0.0,0.0,0.0,0.0,0.0,0.0,0.0,0.0,0.0,0.0
2538.090114,0.0,0.0,0.0,0.0,0.0,0.0,0.0,0.0,0.0,0.0
2540.665058,0.0,0.0,0.0,0.0,0.0,0.0,0.0,0.0,0.0,0.0
2544.205606,0.0,0.0,0.0,0.0,0.0,0.0,0.0,0.0,0.0,0.0
2546.297748,0.0,0.0,0.0,0.0,0.0,0.0,0.0,0.0,0.0,0.0
2548.550824,0.0,0.0,0.0,0.0,0.0,0.0,0.0,0.0,0.0,0.0
2551.769504,0.0,0.0,0.0,0.0,0.0,0.0,0.0,0.0,0.0,0.0
2554.1835140000003,0.0,0.0,0.0,0.0,0.0,0.0,0.0,0.0,0.0,0.0
2556.597524,0.0,0.0,0.0,0.0,0.0,0.0,0.0,0.0,0.0,0.0
2558.206864,0.0,0.0,0.0,0.0,0.0,0.0,0.0,0.0,0.0,0.0
2559.8162039999997,0.0,0.0,0.0,0.0,0.0,0.0,0.0,0.0,0.0,0.0
2560.6208739999997,0.0,0.0,0.0,0.0,0.0,0.0,0.0,0.0,0.0,0.0
2562.230214,0.0,0.0,0.0,0.0,0.0,0.0,0.0,0.0,0.0,0.0
2563.839554,0.0,0.0,0.0,0.0,0.0,0.0,0.0,0.0,0.0,0.0
2565.448894,0.0,0.0,0.0,0.0,0.0,0.0,0.0,0.0,0.0,0.0
2567.058234,0.0,0.0,0.0,0.0,0.0,0.0,0.0,0.0,0.0,0.0
2568.667574,0.0,0.0,0.0,0.0,0.0,0.0,0.0,0.0,0.0,0.0
2571.081584,0.0,0.0,0.0,0.0,0.0,0.0,0.0,0.0,0.0,0.0
2572.690924,0.0,0.0,0.0,0.0,0.0,0.0,0.0,0.0,0.0,0.0
2579.932954,0.0,0.0,0.0,0.0,0.0,0.0,0.0,0.0,0.0,0.0
2582.346964,0.0,0.0,0.0,0.0,0.0,0.0,0.0,0.0,0.0,0.0
2585.5656440000002,0.0,0.0,0.0,0.0,0.0,0.0,0.0,0.0,0.0,0.0
2588.7843239999997,0.0,0.0,0.0,0.0,0.0,0.0,0.0,0.0,0.0,0.0
2591.198334,0.0,0.0,0.0,0.0,0.0,0.0,0.0,0.0,0.0,0.0
2592.8076739999997,0.0,0.0,0.0,0.0,0.0,0.0,0.0,0.0,0.0,0.0
2594.417014,0.0,0.0,0.0,0.0,0.0,0.0,0.0,0.0,0.0,0.0
2596.8310239999996,0.0,0.0,0.0,0.0,0.0,0.0,0.0,0.0,0.0,0.0
2599.245034,0.0,0.0,0.0,0.0,0.0,0.0,0.0,0.0,0.0,0.0
2601.659044,0.0,0.0,0.0,0.0,0.0,0.0,0.0,0.0,0.0,0.0
2603.268384,0.0,0.0,0.0,0.0,0.0,0.0,0.0,0.0,0.0,0.0
2604.877724,0.0,0.0,0.0,0.0,0.0,0.0,0.0,0.0,0.0,0.0
2606.487064,0.0,0.0,0.0,0.0,0.0,0.0,0.0,0.0,0.0,0.0
2608.096404,0.0,0.0,0.0,0.0,0.0,0.0,0.0,0.0,0.0,0.0
2610.510414,0.0,0.0,0.0,0.0,0.0,0.0,0.0,0.0,0.0,0.0
2612.119754,0.0,0.0,0.0,0.0,0.0,0.0,0.0,0.0,0.0,0.0
2613.7290940000003,0.0,0.0,0.0,0.0,0.0,0.0,0.0,0.0,0.0,0.0
2616.1431039999998,0.0,0.0,0.0,0.0,0.0,0.0,0.0,0.0,0.0,0.0
2618.557114,0.0,0.0,0.0,0.0,0.0,0.0,0.0,0.0,0.0,0.0
2620.9711239999997,0.0,0.0,0.0,0.0,0.0,0.0,0.0,0.0,0.0,0.0
2622.580464,0.0,0.0,0.0,0.0,0.0,0.0,0.0,0.0,0.0,0.0
2624.189804,0.0,0.0,0.0,0.0,0.0,0.0,0.0,0.0,0.0,0.0
2625.799144,0.0,0.0,0.0,0.0,0.0,0.0,0.0,0.0,0.0,0.0
2627.408484,0.0,0.0,0.0,0.0,0.0,0.0,0.0,0.0,0.0,0.0
2629.017824,0.0,0.0,0.0,0.0,0.0,0.0,0.0,0.0,0.0,0.0
2630.627164,0.0,0.0,0.0,0.0,0.0,0.0,0.0,0.0,0.0,0.0
2632.236504,0.0,0.0,0.0,0.0,0.0,0.0,0.0,0.0,0.0,0.0
2633.845844,0.0,0.0,0.0,0.0,0.0,0.0,0.0,0.0,0.0,0.0
2635.455184,0.0,0.0,0.0,0.0,0.0,0.0,0.0,0.0,0.0,0.0
2637.064524,0.0,0.0,0.0,0.0,0.0,0.0,0.0,0.0,0.0,0.0
2638.673864,0.0,0.0,0.0,0.0,0.0,0.0,0.0,0.0,0.0,0.0
2640.283204,0.0,0.0,0.0,0.0,0.0,0.0,0.0,0.0,0.0,0.0
2641.8925440000003,0.0,0.0,0.0,0.0,0.0,0.0,0.0,0.0,0.0,0.0
2644.306554,0.0,0.0,0.0,0.0,0.0,0.0,0.0,0.0,0.0,0.0
2646.720564,0.0,0.0,0.0,0.0,0.0,0.0,0.0,0.0,0.0,0.0
2649.1345739999997,0.0,0.0,0.0,0.0,0.0,0.0,0.0,0.0,0.0,0.0
2650.743914,0.0,0.0,0.0,0.0,0.0,0.0,0.0,0.0,0.0,0.0
2653.1579239999996,0.0,0.0,0.0,0.0,0.0,0.0,0.0,0.0,0.0,0.0
2655.571934,0.0,0.0,0.0,0.0,0.0,0.0,0.0,0.0,0.0,0.0
2657.181274,0.0,0.0,0.0,0.0,0.0,0.0,0.0,0.0,0.0,0.0
2660.399954,0.0,0.0,0.0,0.0,0.0,0.0,0.0,0.0,0.0,0.0
2662.009294,0.0,0.0,0.0,0.0,0.0,0.0,0.0,0.0,0.0,0.0
2663.618634,0.0,0.0,0.0,0.0,0.0,0.0,0.0,0.0,0.0,0.0
2665.227974,0.0,0.0,0.0,0.0,0.0,0.0,0.0,0.0,0.0,0.0
2666.837314,0.0,0.0,0.0,0.0,0.0,0.0,0.0,0.0,0.0,0.0
2670.0559940000003,0.0,0.0,0.0,0.0,0.0,0.0,0.0,0.0,0.0,0.0
2671.665334,0.0,0.0,0.0,0.0,0.0,0.0,0.0,0.0,0.0,0.0
2674.079344,0.0,0.0,0.0,0.0,0.0,0.0,0.0,0.0,0.0,0.0
2676.4933539999997,0.0,0.0,0.0,0.0,0.0,0.0,0.0,0.0,0.0,0.0
2678.102694,0.0,0.0,0.0,0.0,0.0,0.0,0.0,0.0,0.0,0.0
2679.712034,0.0,0.0,0.0,0.0,0.0,0.0,0.0,0.0,0.0,0.0
2681.3213739999997,0.0,0.0,0.0,0.0,0.0,0.0,0.0,0.0,0.0,0.0
2682.930714,0.0,0.0,0.0,0.0,0.0,0.0,0.0,0.0,0.0,0.0
2685.344724,0.0,0.0,0.0,0.0,0.0,0.0,0.0,0.0,0.0,0.0
2687.758734,0.0,0.0,0.0,0.0,0.0,0.0,0.0,0.0,0.0,0.0
2689.368074,0.0,0.0,0.0,0.0,0.0,0.0,0.0,0.0,0.0,0.0
2691.782084,0.0,0.0,0.0,0.0,0.0,0.0,0.0,0.0,0.0,0.0
2694.1960940000004,0.0,0.0,0.0,0.0,0.0,0.0,0.0,0.0,0.0,0.0
2696.610104,0.0,0.0,0.0,0.0,0.0,0.0,0.0,0.0,0.0,0.0
2699.0241140000003,0.0,0.0,0.0,0.0,0.0,0.0,0.0,0.0,0.0,0.0
2701.438124,0.0,0.0,0.0,0.0,0.0,0.0,0.0,0.0,0.0,0.0
2703.852134,0.0,0.0,0.0,0.0,0.0,0.0,0.0,0.0,0.0,0.0
2706.266144,0.0,0.0,0.0,0.0,0.0,0.0,0.0,0.0,0.0,0.0
2708.680154,0.0,0.0,0.0,0.0,0.0,0.0,0.0,0.0,0.0,0.0
2711.094164,0.0,0.0,0.0,0.0,0.0,0.0,0.0,0.0,0.0,0.0
2712.703504,0.0,0.0,0.0,0.0,0.0,0.0,0.0,0.0,0.0,0.0
2715.922184,0.0,0.0,0.0,0.0,0.0,0.0,0.0,0.0,0.0,0.0
2718.336194,0.0,0.0,0.0,0.0,0.0,0.0,0.0,0.0,0.0,0.0
2720.750204,0.0,0.0,0.0,0.0,0.0,0.0,0.0,0.0,0.0,0.0
2723.164214,0.0,0.0,0.0,0.0,0.0,0.0,0.0,0.0,0.0,0.0
2725.578224,0.0,0.0,0.0,0.0,0.0,0.0,0.0,0.0,0.0,0.0
2727.992234,0.0,0.0,0.0,0.0,0.0,0.0,0.0,0.0,0.0,0.0
2729.601574,0.0,0.0,0.0,0.0,0.0,0.0,0.0,0.0,0.0,0.0
2732.0155839999998,0.0,0.0,0.0,0.0,0.0,0.0,0.0,0.0,0.0,0.0
2733.6249239999997,0.0,0.0,0.0,0.0,0.0,0.0,0.0,0.0,0.0,0.0
2736.038934,0.0,0.0,0.0,0.0,0.0,0.0,0.0,0.0,0.0,0.0
2738.452944,0.0,0.0,0.0,0.0,0.0,0.0,0.0,0.0,0.0,0.0
2740.866954,0.0,0.0,0.0,0.0,0.0,0.0,0.0,0.0,0.0,0.0
2743.280964,0.0,0.0,0.0,0.0,0.0,0.0,0.0,0.0,0.0,0.0
2744.890304,0.0,0.0,0.0,0.0,0.0,0.0,0.0,0.0,0.0,0.0
2746.499644,0.0,0.0,0.0,0.0,0.0,0.0,0.0,0.0,0.0,0.0
2748.108984,0.0,0.0,0.0,0.0,0.0,0.0,0.0,0.0,0.0,0.0
2750.522994,0.0,0.0,0.0,0.0,0.0,0.0,0.0,0.0,0.0,0.0
2752.132334,0.0,0.0,0.0,0.0,0.0,0.0,0.0,0.0,0.0,0.0
2752.937004,0.0,0.0,0.0,0.0,0.0,0.0,0.0,0.0,0.0,0.0
2755.351014,0.0,0.0,0.0,0.0,0.0,0.0,0.0,0.0,0.0,0.0
2758.5696940000003,0.0,0.0,0.0,0.0,0.0,0.0,0.0,0.0,0.0,0.0
2761.7883739999997,0.0,0.0,0.0,0.0,0.0,0.0,0.0,0.0,0.0,0.0
2764.202384,0.0,0.0,0.0,0.0,0.0,0.0,0.0,0.0,0.0,0.0
2766.616394,0.0,0.0,0.0,0.0,0.0,0.0,0.0,0.0,0.0,0.0
2768.225734,0.0,0.0,0.0,0.0,0.0,0.0,0.0,0.0,0.0,0.0
2771.444414,0.0,0.0,0.0,0.0,0.0,0.0,0.0,0.0,0.0,0.0
2773.858424,0.0,0.0,0.0,0.0,0.0,0.0,0.0,0.0,0.0,0.0
2777.077104,0.0,0.0,0.0,0.0,0.0,0.0,0.0,0.0,0.0,0.0
2778.686444,0.0,0.0,0.0,0.0,0.0,0.0,0.0,0.0,0.0,0.0
2780.295784,0.0,0.0,0.0,0.0,0.0,0.0,0.0,0.0,0.0,0.0
2781.905124,0.0,0.0,0.0,0.0,0.0,0.0,0.0,0.0,0.0,0.0
2785.123804,0.0,0.0,0.0,0.0,0.0,0.0,0.0,0.0,0.0,0.0
2787.5378140000003,0.0,0.0,0.0,0.0,0.0,0.0,0.0,0.0,0.0,0.0
2789.147154,0.0,0.0,0.0,0.0,0.0,0.0,0.0,0.0,0.0,0.0
2792.365834,0.0,0.0,0.0,0.0,0.0,0.0,0.0,0.0,0.0,0.0
2794.779844,0.0,0.0,0.0,0.0,0.0,0.0,0.0,0.0,0.0,0.0
2797.193854,0.0,0.0,0.0,0.0,0.0,0.0,0.0,0.0,0.0,0.0
2800.412534,0.0,0.0,0.0,0.0,0.0,0.0,0.0,0.0,0.0,0.0
2802.826544,0.0,0.0,0.0,0.0,0.0,0.0,0.0,0.0,0.0,0.0
2806.849894,0.0,0.0,0.0,0.0,0.0,0.0,0.0,0.0,0.0,0.0
2808.459234,0.0,0.0,0.0,0.0,0.0,0.0,0.0,0.0,0.0,0.0
2811.677914,0.0,0.0,0.0,0.0,0.0,0.0,0.0,0.0,0.0,0.0
2815.7012640000003,0.0,0.0,0.0,0.0,0.0,0.0,0.0,0.0,0.0,0.0
2818.1152739999998,0.0,0.0,0.0,0.0,0.0,0.0,0.0,0.0,0.0,0.0
2821.3339539999997,0.0,0.0,0.0,0.0,0.0,0.0,0.0,0.0,0.0,0.0
2823.747964,0.0,0.0,0.0,0.0,0.0,0.0,0.0,0.0,0.0,0.0
2826.1619739999996,0.0,0.0,0.0,0.0,0.0,0.0,0.0,0.0,0.0,0.0
2828.575984,0.0,0.0,0.0,0.0,0.0,0.0,0.0,0.0,0.0,0.0
2830.989994,0.0,0.0,0.0,0.0,0.0,0.0,0.0,0.0,0.0,0.0
2832.599334,0.0,0.0,0.0,0.0,0.0,0.0,0.0,0.0,0.0,0.0
2834.208674,0.0,0.0,0.0,0.0,0.0,0.0,0.0,0.0,0.0,0.0
2842.255374,0.0,0.0,0.0,0.0,0.0,0.0,0.0,0.0,0.0,0.0
